hop,rep,gamma,removal_mode,selection_method,baseline_fraction,rows,win_rate,mean_value_vs_baseline,median_value_vs_baseline,mean_pct_vs_baseline_reduction,mean_pct_of_total_before,mean_tdg_selection_sec,mean_baseline_select_sec,mean_time_extra_vs_baseline_sec,mean_tdg_selected_fraction,mean_baseline_selected_fraction,avg_tt_win_rate,mean_avg_query_tt_value_vs_baseline,median_avg_query_tt_value_vs_baseline,mean_pct_avg_query_tt_vs_baseline,mean_tdg_remaining_avg_query_tt,mean_baseline_remaining_avg_query_tt
10,1,25,all_nodes,most_delayed,10,20,0.75,1225340.3,1957072.5,29.022514279850146,6.241080491456069,0.19669560000000003,0.00040545,0.19629015,0.168896484375,0.099609375,0.6,70.64815519344866,272.31520337922393,0.6124154824155157,18223.512799253404,18294.160954446856
10,1,25,all_nodes,most_delayed,30,20,0.0,-5092470.65,-3620682.5,-47.430374167044526,-23.78575946681071,0.19669560000000003,0.00044645,0.19624915,0.168896484375,0.2998046875,0.0,-3510.255546812681,-2894.713820651059,-24.581620562456653,18223.512799253404,14713.257252440724
10,1,25,all_nodes,random,10,20,0.85,2361486.5,3044755.0,76.61569205397734,11.839549364979076,0.19669560000000003,0.00011444999999999999,0.19658115,0.168896484375,0.099609375,0.85,1302.9108449982214,1384.4203602219213,7.173692617568163,18223.512799253404,19526.423644251627
10,1,25,all_nodes,random,30,20,0.0,-3295149.45,-2098134.0,-36.75429539798397,-15.051614342606479,0.19669560000000003,0.00016925,0.19652635000000002,0.168896484375,0.2998046875,0.0,-1003.531418500268,-663.1434774202062,-5.603230372451058,18223.512799253404,17219.98138075314
10,1,25,anchor_important,most_delayed,10,20,0.9,1993142.65,2187371.5,45.24804131209252,9.093998116474681,0.21165135,0.00040545,0.2112459,0.193310546875,0.099609375,0.7,294.17240760386505,339.5204998544896,1.3263566480011049,17999.98854684299,18294.160954446856
10,1,25,anchor_important,most_delayed,30,20,0.0,-4324668.3,-3667629.5,-41.18697631688885,-20.9328418417921,0.21165135,0.00044645,0.21120489999999997,0.193310546875,0.2998046875,0.0,-3286.7312944022647,-2917.863557968906,-23.75116647795388,17999.98854684299,14713.257252440724
10,1,25,anchor_important,random,10,20,0.95,3129288.85,3248150.0,97.84116417208148,14.692466989997689,0.21165135,0.00011444999999999999,0.21153689999999997,0.193310546875,0.099609375,0.95,1526.4350974086378,1469.1781128852444,7.864114099342319,17999.98854684299,19526.423644251627
10,1,25,anchor_important,random,30,20,0.0,-2527347.1,-2100485.5,-29.21516241027242,-12.198696717587866,0.21165135,0.00016925,0.2114821,0.193310546875,0.2998046875,0.05,-780.0071660898516,-535.7339838914331,-4.875567065811085,17999.98854684299,17219.98138075314
10,1,25,congestion_important,most_delayed,10,20,0.45,1761580.35,-633918.0,37.784570513821734,7.721716392061448,0.20459595,0.00040545,0.2041905,0.223193359375,0.099609375,0.25,-712.4769980782362,-1184.4734939977416,-4.014612038535865,19006.63795252509,18294.160954446856
10,1,25,congestion_important,most_delayed,30,20,0.25,-4556230.6,-5574364.5,-44.400606654614236,-22.305123566205335,0.20459595,0.00044645,0.20414949999999998,0.223193359375,0.2998046875,0.0,-4293.380700084365,-4390.392280547295,-30.329918130976836,19006.63795252509,14713.257252440724
10,1,25,congestion_important,random,10,20,0.55,2897726.55,341731.5,91.2966061732872,13.320185265584456,0.20459595,0.00011444999999999999,0.20448149999999998,0.223193359375,0.099609375,0.5,519.7856917265366,-13.78558783000517,2.8649836521702383,19006.63795252509,19526.423644251627
10,1,25,congestion_important,random,30,20,0.4,-2758909.4,-3919349.5,-32.24192667704421,-13.570978442001097,0.20459595,0.00016925,0.20442670000000002,0.223193359375,0.2998046875,0.1,-1786.6565717719527,-1748.4521926272064,-10.464380070688685,19006.63795252509,17219.98138075314
10,1,50,all_nodes,most_delayed,10,20,1.0,8340296.3,7726721.5,193.38378378416937,39.34692660722464,0.25077745,0.00040545,0.250372,0.431591796875,0.099609375,1.0,3609.3967365839026,3372.2683949379325,20.082776696755083,14684.764217862952,18294.160954446856
10,1,50,all_nodes,most_delayed,30,20,1.0,2022485.35,1920512.0,18.603151617062196,9.320086648957858,0.25077745,0.00044645,0.25033099999999997,0.431591796875,0.2998046875,0.5,28.493034577772686,-7.741846306615116,0.004338013072001723,14684.764217862952,14713.257252440724
10,1,50,all_nodes,random,10,20,1.0,9476442.5,8837174.5,303.2238599293979,44.94539548074765,0.25077745,0.00011444999999999999,0.25066299999999997,0.431591796875,0.099609375,1.0,4841.659426388675,4590.025444829474,25.33832987652614,14684.764217862952,19526.423644251627
10,1,50,all_nodes,random,30,20,1.0,3819806.55,3600127.5,43.286260363638036,18.054231773162094,0.25077745,0.00016925,0.2506082,0.431591796875,0.2998046875,1.0,2535.2171628901856,2343.8374217870223,15.16967641098174,14684.764217862952,17219.98138075314
10,1,50,anchor_important,most_delayed,10,20,1.0,8336601.8,8078019.5,192.89518872069874,39.06196281560815,0.2604835,0.00040545,0.26007805,0.432177734375,0.099609375,1.0,3589.167475772668,3419.224504742848,19.79325182675713,14704.993478674185,18294.160954446856
10,1,50,anchor_important,most_delayed,30,20,0.95,2018790.85,2181968.0,18.376971014445555,9.035122857341367,0.2604835,0.00044645,0.26003705,0.432177734375,0.2998046875,0.55,8.26377376653836,119.86155455625976,-0.4611587544221094,14704.993478674185,14713.257252440724
10,1,50,anchor_important,random,10,20,1.0,9472748.0,9147592.5,299.7245625601323,44.66043168913116,0.2604835,0.00011444999999999999,0.26036905,0.432177734375,0.099609375,1.0,4821.430165577441,4661.278918568491,25.11264064468501,14704.993478674185,19526.423644251627
10,1,50,anchor_important,random,30,20,0.95,3816112.05,3854993.0,42.43716166381373,17.769267981545603,0.2604835,0.00016925,0.26031425,0.432177734375,0.2998046875,1.0,2514.9879020789513,2453.9358541249067,14.916919751728482,14704.993478674185,17219.98138075314
10,1,50,congestion_important,most_delayed,10,20,0.95,10036293.4,10383180.0,232.80467526564695,48.03612389620795,0.26743675,0.00040545,0.2670313,0.58984375,0.099609375,0.95,2813.2711104819155,2408.8061621033885,15.447984861541348,15480.889843964938,18294.160954446856
10,1,50,congestion_important,most_delayed,30,20,0.9,3718482.45,4293526.0,34.972751849336596,18.009283937941166,0.26743675,0.00044645,0.2669903,0.58984375,0.2998046875,0.4,-767.6325915242139,-689.6074610406804,-5.790927639131084,15480.889843964938,14713.257252440724
10,1,50,congestion_important,random,10,20,0.95,11172439.6,11475704.5,358.5067106618174,53.63459276973096,0.26743675,0.00011444999999999999,0.2673223,0.58984375,0.099609375,1.0,4045.5338002866883,3596.5406496941687,21.03644673975012,15480.889843964938,19526.423644251627
10,1,50,congestion_important,random,30,20,0.9,5515803.65,6097904.5,63.09702729504686,26.743429062145402,0.26743675,0.00016925,0.2672675,0.58984375,0.2998046875,0.85,1739.091536788199,1524.5094638341789,10.34721274592232,15480.889843964938,17219.98138075314
10,1,75,all_nodes,most_delayed,10,20,1.0,13300401.95,12039385.0,308.1765122065202,62.57647843864157,0.3011842,0.00040545,0.30077875,0.688427734375,0.099609375,1.0,7109.456558375905,6268.795303622029,38.74699498437137,11184.70439607095,18294.160954446856
10,1,75,all_nodes,most_delayed,30,20,1.0,6982591.0,6291131.0,64.86711875547061,32.54963848037478,0.3011842,0.00044645,0.30073775,0.688427734375,0.2998046875,1.0,3528.5528563697744,3043.358321529252,23.538590255834194,11184.70439607095,14713.257252440724
10,1,75,all_nodes,random,10,20,1.0,14436548.15,13162157.0,461.2217703412515,68.17494731216458,0.3011842,0.00011444999999999999,0.30106975,0.688427734375,0.099609375,1.0,8341.719248180676,7598.514001730852,42.753008523310356,11184.70439607095,19526.423644251627
10,1,75,all_nodes,random,30,20,1.0,8779912.2,7907615.5,99.30836588249952,41.28378360457902,0.3011842,0.00016925,0.30101495,0.688427734375,0.2998046875,1.0,6035.2769846821875,5109.411702290849,34.99849986753071,11184.70439607095,17219.98138075314
10,1,75,anchor_important,most_delayed,10,20,1.0,13451782.25,12192678.0,312.0548174950466,63.37096251221011,0.3118759,0.00040545,0.31147045,0.700048828125,0.099609375,1.0,7198.98167487847,6383.851299104725,39.30820958638041,11095.179279568383,18294.160954446856
10,1,75,anchor_important,most_delayed,30,20,1.0,7133971.3,6435039.5,66.44794484515623,33.344122553943336,0.3118759,0.00044645,0.31142945,0.700048828125,0.2998046875,1.0,3618.0779728723405,3144.4112845265827,24.246722118195393,11095.179279568383,14713.257252440724
10,1,75,anchor_important,random,10,20,1.0,14587928.45,13315450.0,466.56436617306053,68.96943138573313,0.3118759,0.00011444999999999999,0.31176145,0.700048828125,0.099609375,1.0,8431.244364683243,7621.564490521677,43.27955354720835,11095.179279568383,19526.423644251627
10,1,75,anchor_important,random,30,20,1.0,8931292.5,8035145.5,101.21896646267118,42.07826767814757,0.3118759,0.00016925,0.31170665,0.700048828125,0.2998046875,1.0,6124.802101184754,5182.652444566952,35.600585201887945,11095.179279568383,17219.98138075314
10,1,75,congestion_important,most_delayed,10,20,1.0,14634626.3,13460660.5,340.2231607246589,69.05053969806886,0.3165245,0.00040545,0.31611905,0.8185546875,0.099609375,1.0,6468.85116013278,5633.261963587453,34.670519667300226,11825.309794314075,18294.160954446856
10,1,75,congestion_important,most_delayed,30,20,1.0,8316815.35,7754605.5,77.82162697805794,39.023699739802076,0.3165245,0.00044645,0.31607805,0.8185546875,0.2998046875,0.95,2887.9474581266513,2530.787233221361,18.27182551186164,11825.309794314075,14713.257252440724
10,1,75,congestion_important,random,10,20,1.0,15770772.5,14583432.5,505.1754066468153,74.64900857159186,0.3165245,0.00011444999999999999,0.31641005,0.8185546875,0.099609375,1.0,7701.113849937554,6687.347026564258,39.01658354790302,11825.309794314075,19526.423644251627
10,1,75,congestion_important,random,30,20,1.0,10114136.55,9128454.5,114.94300079195325,47.757844864006316,0.3165245,0.00016925,0.31635525000000003,0.8185546875,0.2998046875,1.0,5394.6715864390635,4707.084116327824,30.714437134970996,11825.309794314075,17219.98138075314
10,2,25,all_nodes,most_delayed,10,20,0.75,2754741.55,5397991.5,25.66453030710602,5.144200851079707,0.5044621499999999,0.00082965,0.5036324999999999,0.173095703125,0.099609375,0.4,-449.0181603146675,-130.04620966958282,-1.5639826034027462,25617.047254674755,25168.02909436009
10,2,25,all_nodes,most_delayed,30,20,0.0,-14309732.95,-11064223.0,-50.740045691762155,-24.75842599092621,0.5044621499999999,0.0009211,0.50354105,0.173095703125,0.2998046875,0.0,-5153.050636822592,-4846.418845581323,-25.675443671230347,25617.047254674755,20463.996617852164
10,2,25,all_nodes,random,10,20,0.75,6281791.2,8715339.5,86.94250265699957,11.40359016655656,0.5044621499999999,0.00021700000000000002,0.50424515,0.173095703125,0.099609375,0.85,1463.6985696202557,1971.5787980558398,5.744087946498033,25617.047254674755,27080.74582429501
10,2,25,all_nodes,random,30,20,0.0,-8653169.9,-5439080.5,-37.845833939607644,-14.797577360865784,0.5044621499999999,0.00030795,0.5041542000000001,0.173095703125,0.2998046875,0.0,-1208.4459994446295,-714.555900407604,-5.016781148805045,25617.047254674755,24408.601255230125
10,2,25,anchor_important,most_delayed,10,20,0.7,2569216.55,5939112.0,24.206573820905003,4.775927190475107,0.51823295,0.00082965,0.5174033,0.169775390625,0.099609375,0.5,-462.01268485918627,-74.74727489112047,-1.6344178680849513,25630.041779219275,25168.02909436009
10,2,25,anchor_important,most_delayed,30,20,0.0,-14495257.95,-10954248.0,-51.25882861965084,-25.12669965153081,0.51823295,0.0009211,0.51731185,0.169775390625,0.2998046875,0.0,-5166.045161367112,-4781.718734667051,-25.79444401979655,25630.041779219275,20463.996617852164
10,2,25,anchor_important,random,10,20,0.75,6096266.2,9138305.5,83.72899285801144,11.035316505951961,0.51823295,0.00021700000000000002,0.51801595,0.169775390625,0.099609375,0.9,1450.704045075737,1956.9795671169213,5.685937387838498,25630.041779219275,27080.74582429501
10,2,25,anchor_important,random,30,20,0.0,-8838694.9,-5524066.0,-38.9288560244356,-15.165851021470383,0.51823295,0.00030795,0.517925,0.169775390625,0.2998046875,0.0,-1221.4405239891482,-785.3450660706822,-5.075354004170345,25630.041779219275,24408.601255230125
10,2,25,congestion_important,most_delayed,10,20,0.3,-814553.75,-7949143.0,-6.312034729594894,-0.1463418048268937,0.4639177,0.00082965,0.46308805,0.163427734375,0.099609375,0.1,-1727.590206802835,-2147.198723794645,-6.618867716996386,26895.619301162922,25168.02909436009
10,2,25,congestion_important,most_delayed,30,20,0.2,-17879028.25,-24602703.5,-62.53439315316257,-30.04896864683281,0.4639177,0.0009211,0.4629966,0.163427734375,0.2998046875,0.0,-6431.62268331076,-6823.00016572391,-31.928376519512227,26895.619301162922,20463.996617852164
10,2,25,congestion_important,random,10,20,0.3,2712495.9,-4914021.0,40.50063314054304,6.1130475106499595,0.4639177,0.00021700000000000002,0.46370069999999997,0.163427734375,0.099609375,0.35,185.12652313208818,-375.307638154236,1.0507637085106827,26895.619301162922,27080.74582429501
10,2,25,congestion_important,random,30,20,0.3,-12222465.2,-19951035.0,-52.553348718116055,-20.088120016772386,0.4639177,0.00030795,0.46360975,0.163427734375,0.2998046875,0.05,-2487.018045932797,-2573.2578471173347,-10.251677252656753,26895.619301162922,24408.601255230125
10,2,50,all_nodes,most_delayed,10,20,0.95,21374844.15,22560878.0,193.53915559624164,37.27898796340827,0.7094301,0.00082965,0.7086004499999999,0.419482421875,0.099609375,0.95,4273.291258799125,4585.535489085416,17.48735271952001,20894.73783556096,25168.02909436009
10,2,50,all_nodes,most_delayed,30,20,0.95,4310369.65,5481500.0,15.018130899556166,7.376361121402354,0.7094301,0.0009211,0.708509,0.419482421875,0.2998046875,0.6,-430.74121770880055,16.41875272364632,-1.9916925455418357,20894.73783556096,20463.996617852164
10,2,50,all_nodes,random,10,20,0.95,24901893.8,25837899.5,336.7856872111887,43.53837727888513,0.7094301,0.00021700000000000002,0.7092131,0.419482421875,0.099609375,0.95,6186.007988734048,6365.631747219904,23.38126785023472,20894.73783556096,27080.74582429501
10,2,50,all_nodes,random,30,20,0.95,9966932.7,11392045.0,44.888118543851625,17.33720975146278,0.7094301,0.00030795,0.70912215,0.419482421875,0.2998046875,0.95,3513.863419669163,3625.4052517230884,14.717771187471204,20894.73783556096,24408.601255230125
10,2,50,anchor_important,most_delayed,10,20,0.95,21646354.05,22759298.0,196.14525263937182,37.78853839604851,0.7278077000000001,0.00082965,0.72697805,0.4248291015625,0.099609375,0.95,4323.734208991684,4634.893732241887,17.741916350728822,20844.294885368403,25168.02909436009
10,2,50,anchor_important,most_delayed,30,20,0.95,4581879.55,5841834.5,16.045024282666336,7.885911554042595,0.7278077000000001,0.0009211,0.7268866,0.4248291015625,0.2998046875,0.55,-380.29826751624205,120.16534417828734,-1.6693346958130406,20844.294885368403,20463.996617852164
10,2,50,anchor_important,random,10,20,0.95,25173403.7,26051830.5,340.62310624948253,44.04792771152536,0.7278077000000001,0.00021700000000000002,0.7275907,0.4248291015625,0.099609375,0.95,6236.450938926607,6410.670211315686,23.615839967502747,20844.294885368403,27080.74582429501
10,2,50,anchor_important,random,30,20,0.95,10238442.6,11782824.0,46.16804847626671,17.846760184103022,0.7278077000000001,0.00030795,0.72749975,0.4248291015625,0.2998046875,0.95,3564.306369861721,3591.053015847049,14.986081373281063,20844.294885368403,24408.601255230125
10,2,50,congestion_important,most_delayed,10,20,0.7,16227939.5,25222262.0,154.52636340715844,30.893797514180807,0.6379409,0.00082965,0.63711125,0.4329345703125,0.099609375,0.7,1837.6057040266253,1848.1309785966605,8.587728900915717,23330.42339033346,25168.02909436009
10,2,50,congestion_important,most_delayed,30,20,0.6,-836535.0,11308275.0,0.7109658901711633,0.99117067217489,0.6379409,0.0009211,0.6370197999999999,0.4329345703125,0.2998046875,0.2,-2866.4267724813003,-2544.6904237479685,-12.852588044224353,23330.42339033346,20463.996617852164
10,2,50,congestion_important,random,10,20,0.7,19754989.15,28579556.5,280.26384215101086,37.153186829657656,0.6379409,0.00021700000000000002,0.6377239,0.4329345703125,0.099609375,0.85,3750.322433961548,3485.355490527245,15.105587856896127,23330.42339033346,27080.74582429501
10,2,50,congestion_important,random,30,20,0.6,4820028.05,16439241.5,26.815234034077037,10.952019302235316,0.6379409,0.00030795,0.63763295,0.4329345703125,0.2998046875,0.65,1078.1778648966633,1341.511433903137,5.564877805381575,23330.42339033346,24408.601255230125
10,2,75,all_nodes,most_delayed,10,20,1.0,37191143.85,36799859.5,338.0059889661306,64.8299059729562,0.9138759000000001,0.00082965,0.9130462500000001,0.6908935546875,0.099609375,1.0,10619.943976017323,10419.865023528073,42.88910973489303,14548.085118342764,25168.02909436009
10,2,75,all_nodes,most_delayed,30,20,1.0,20126669.35,20036626.0,71.31437282838871,34.92727913095027,0.9138759000000001,0.0009211,0.9129548,0.6908935546875,0.2998046875,1.0,5915.911499509398,5716.073031254891,29.546089554517287,14548.085118342764,20463.996617852164
10,2,75,all_nodes,random,10,20,1.0,40718193.5,40212440.5,547.8888161827092,71.08929528843304,0.9138759000000001,0.00021700000000000002,0.9136589,0.6908935546875,0.099609375,1.0,12532.660705952247,12339.058895545426,46.96319129439661,14548.085118342764,27080.74582429501
10,2,75,all_nodes,random,30,20,1.0,25783232.4,25088114.0,114.98702262867712,44.88812776101069,0.9138759000000001,0.00030795,0.91356795,0.6908935546875,0.2998046875,1.0,9860.516136887361,10041.173086398525,41.07913495610945,14548.085118342764,24408.601255230125
10,2,75,anchor_important,most_delayed,10,20,1.0,37320341.9,36956240.0,339.22499827015855,65.06769692174203,0.93215655,0.00082965,0.9313269,0.6945556640625,0.099609375,1.0,10655.572177550157,10463.78777223275,43.066906778363894,14512.45691680993,25168.02909436009
10,2,75,anchor_important,most_delayed,30,20,1.0,20255867.4,20103728.0,71.79443816459232,35.16507007973611,0.93215655,0.0009211,0.93123545,0.6945556640625,0.2998046875,1.0,5951.539701042232,5817.957842073646,29.772122935900835,14512.45691680993,20463.996617852164
10,2,75,anchor_important,random,10,20,1.0,40847391.55,40380817.5,549.645811011127,71.32708623721888,0.93215655,0.00021700000000000002,0.9319395500000001,0.6945556640625,0.099609375,1.0,12568.28890748508,12335.545506486982,47.12814711728886,14512.45691680993,27080.74582429501
10,2,75,anchor_important,random,30,20,1.0,25912430.45,25331384.5,115.57371832947038,45.12591870979654,0.93215655,0.00030795,0.9318486,0.6945556640625,0.2998046875,1.0,9896.144338420196,9895.242006835819,41.27543182430724,14512.45691680993,24408.601255230125
10,2,75,congestion_important,most_delayed,10,20,0.9,35780400.85,39612806.5,329.7749728374248,63.50652497496659,0.9030932,0.00082965,0.90226355,0.752880859375,0.099609375,0.9,8788.112103250034,9257.036336851568,36.03889866233424,16379.916991110053,25168.02909436009
10,2,75,congestion_important,most_delayed,30,20,0.9,18715926.35,22976493.0,67.95339245702112,33.60389813296067,0.9030932,0.0009211,0.9021720999999999,0.752880859375,0.2998046875,0.85,4084.07962674211,4749.5459380205,21.25798969180001,16379.916991110053,20463.996617852164
10,2,75,congestion_important,random,10,20,0.9,39307450.5,42463196.5,535.1373347139588,69.76591429044345,0.9030932,0.00021700000000000002,0.9028762,0.752880859375,0.099609375,1.0,10700.828833184958,10949.173338632316,40.60797299744779,16379.916991110053,27080.74582429501
10,2,75,congestion_important,random,30,20,0.9,24372489.4,27279476.5,111.38763675444747,43.5647467630211,0.9030932,0.00030795,0.90278525,0.752880859375,0.2998046875,0.9,8028.684264120074,8280.281629322879,33.98696733404295,16379.916991110053,24408.601255230125
10,4,25,all_nodes,most_delayed,10,20,0.65,4577051.25,10788735.5,16.063878939635547,2.7291100299088455,1.1151799,0.0017604499999999998,1.1134194499999999,0.1641845703125,0.099853515625,0.05,-1163.3370337371282,-1123.620029029924,-3.989001088422886,31158.816081743636,29995.47904800651
10,4,25,all_nodes,most_delayed,30,20,0.0,-33476301.35,-30421179.0,-55.498722727848346,-25.748382501921988,1.1151799,0.0019450499999999998,1.11323485,0.1641845703125,0.2998046875,0.0,-5865.936496666929,-5819.843699415676,-23.8154487828946,31158.816081743636,25292.87958507671
10,4,25,all_nodes,random,10,20,0.7,12583806.6,18146988.5,74.27221721847386,8.76104676119219,1.1151799,0.00041995,1.11475995,0.1641845703125,0.099853515625,0.95,1008.2809076786567,1069.1861727060095,3.127708860884697,31158.816081743636,32167.09698942229
10,4,25,all_nodes,random,30,20,0.0,-18005104.7,-12869187.5,-40.830247438621356,-14.066185653751091,1.1151799,0.0006168,1.1145631,0.1641845703125,0.2998046875,0.1,-471.5164652861757,-251.60872940845366,-1.649742930678141,31158.816081743636,30687.299616457465
10,4,25,anchor_important,most_delayed,10,20,0.7,5144655.1,11073174.5,18.686619462556564,3.2499187849790028,1.1472571,0.0017604499999999998,1.14549665,0.1694580078125,0.099853515625,0.05,-1157.5403159531713,-1134.0100832900716,-3.94671490512753,31153.01936395968,29995.47904800651
10,4,25,anchor_important,most_delayed,30,20,0.0,-32908697.5,-29572235.0,-54.4550481640304,-25.22757374685183,1.1472571,0.0019450499999999998,1.14531205,0.1694580078125,0.2998046875,0.0,-5860.139778882972,-5821.023472067947,-23.760027310155635,31153.01936395968,25292.87958507671
10,4,25,anchor_important,random,10,20,0.7,13151410.45,18093531.5,78.59543538967486,9.281855516262347,1.1472571,0.00041995,1.14683715,0.1694580078125,0.099853515625,0.95,1014.0776254626135,1131.2526578461966,3.164605628404533,31153.01936395968,32167.09698942229
10,4,25,anchor_important,random,30,20,0.0,-17437500.85,-12729118.0,-39.33760348470085,-13.545376898680933,1.1472571,0.0006168,1.1466403,0.1694580078125,0.2998046875,0.2,-465.71974750221887,-234.04971609437598,-1.6114265707215167,31153.01936395968,30687.299616457465
10,4,25,congestion_important,most_delayed,10,20,0.15,-12792599.9,-16417602.0,-51.21316009266644,-8.768990332791715,0.8745666999999999,0.0017604499999999998,0.87280625,0.07427978515625,0.099853515625,0.0,-2241.8612670940606,-2211.096275888882,-7.47756060958295,32237.34031510057,29995.47904800651
10,4,25,congestion_important,most_delayed,30,20,0.05,-50845952.5,-54872414.0,-81.18845424588325,-37.24648286462255,0.8745666999999999,0.0019450499999999998,0.8726216499999999,0.07427978515625,0.2998046875,0.0,-6944.460730023861,-6689.102271504853,-27.954851719482434,32237.34031510057,25292.87958507671
10,4,25,congestion_important,random,10,20,0.2,-4785844.55,-9442059.5,-23.568258816970534,-2.7370536015083706,0.8745666999999999,0.00041995,0.8741467500000001,0.07427978515625,0.099853515625,0.35,-70.24332567827568,-114.94684463449084,-0.13432486475309463,32237.34031510057,32167.09698942229
10,4,25,congestion_important,random,30,20,0.05,-35374755.85,-38690219.5,-74.13120263533693,-25.564286016451653,0.8745666999999999,0.0006168,0.8739499000000001,0.07427978515625,0.2998046875,0.05,-1550.040698643108,-1514.2591748254035,-5.098695201778437,32237.34031510057,30687.299616457465
10,4,50,all_nodes,most_delayed,10,20,1.0,47801335.8,48583443.5,201.89301811032777,35.58029577371287,1.7210023499999998,0.0017604499999999998,1.7192419,0.4444091796875,0.099853515625,1.0,2344.9190196227323,2644.956056031122,7.968064513708062,27650.560028383778,29995.47904800651
10,4,50,all_nodes,most_delayed,30,20,1.0,9747983.2,10109222.0,15.534744366163599,7.102803241882038,1.7210023499999998,0.0019450499999999998,1.7190573,0.4444091796875,0.2998046875,0.05,-2357.6804433070683,-2090.7953326828047,-9.541667091897626,27650.560028383778,25292.87958507671
10,4,50,all_nodes,random,10,20,1.0,55808091.15,55747042.0,358.03755641776206,41.612232504996214,1.7210023499999998,0.00041995,1.7205824,0.4444091796875,0.099853515625,1.0,4516.536961038517,4749.744458145926,14.265489795640496,27650.560028383778,32167.09698942229
10,4,50,all_nodes,random,30,20,1.0,25219179.85,24302229.5,54.712811928603784,18.785000090052932,1.7210023499999998,0.0006168,1.72038555,0.4444091796875,0.2998046875,1.0,3036.739588073685,2999.1574987197528,10.07909761921631,27650.560028383778,30687.299616457465
10,4,50,anchor_important,most_delayed,10,20,1.0,48222888.95,48974466.5,203.71769769380836,35.91567296375872,1.7489438,0.0017604499999999998,1.7471833499999998,0.4475830078125,0.099853515625,1.0,2379.9916280105626,2683.810611216897,8.11471479067612,27615.487419995945,29995.47904800651
10,4,50,anchor_important,most_delayed,30,20,1.0,10169536.35,10313313.0,16.246221757873677,7.4381804319278855,1.7489438,0.0019450499999999998,1.74699875,0.4475830078125,0.2998046875,0.05,-2322.607834919238,-2003.1378314057747,-9.363100816107202,27615.487419995945,25292.87958507671
10,4,50,anchor_important,random,10,20,1.0,56229644.3,55612693.5,360.7593408916482,41.94760969504206,1.7489438,0.00041995,1.7485238500000002,0.4475830078125,0.099853515625,1.0,4551.609569426348,4779.221153304419,14.40247615286395,27615.487419995945,32167.09698942229
10,4,50,anchor_important,random,30,20,1.0,25640733.0,24454993.5,55.65074925209681,19.120377280098783,1.7489438,0.0006168,1.7483270000000002,0.4475830078125,0.2998046875,1.0,3071.812196461515,3187.60862266231,10.227703534695294,27615.487419995945,30687.299616457465
10,4,50,congestion_important,most_delayed,10,20,0.7,35286203.7,57433379.5,154.2706794943628,27.390208770407334,1.51810355,0.0017604499999999998,1.5163430999999998,0.41038818359375,0.099853515625,0.4,263.7917803537719,-898.6931284941966,1.4571029409078182,29731.687267652735,29995.47904800651
10,4,50,congestion_important,most_delayed,30,20,0.55,-2767148.9,16155778.5,-2.8279658940424026,-1.0872837614235031,1.51810355,0.0019450499999999998,1.5161585,0.41038818359375,0.2998046875,0.1,-4438.807682576028,-5392.875420495628,-17.23239394758701,29731.687267652735,25292.87958507671
10,4,50,congestion_important,random,10,20,0.75,43292959.05,66543851.5,284.8024652853346,33.42214550169068,1.51810355,0.00041995,1.5176836,0.41038818359375,0.099853515625,0.9,2435.409721769557,1294.6592544006435,8.214106399450849,29731.687267652735,32167.09698942229
10,4,50,congestion_important,random,30,20,0.55,12704047.75,34716952.5,30.396198443967045,10.594913086747393,1.51810355,0.0006168,1.51748675,0.41038818359375,0.2998046875,0.45,955.6123488047244,-373.73334081763096,3.75892317211274,29731.687267652735,30687.299616457465
10,4,75,all_nodes,most_delayed,10,20,1.0,84233544.85,86264708.0,356.0912989571217,62.76383808539841,2.25232055,0.0017604499999999998,2.2505601,0.689111328125,0.099853515625,1.0,9211.735071738367,9800.305335952955,31.183154361442945,20783.743976268142,29995.47904800651
10,4,75,all_nodes,most_delayed,30,20,1.0,46180192.25,47261159.5,74.50537803595151,34.28634555356758,2.25232055,0.0019450499999999998,2.2503754999999996,0.689111328125,0.2998046875,0.95,4509.135608808566,4841.852307209777,18.147984528498434,20783.743976268142,25292.87958507671
10,4,75,all_nodes,random,10,20,1.0,92240300.2,92180785.5,592.141432784075,68.79577481668176,2.25232055,0.00041995,2.2519006,0.689111328125,0.099853515625,1.0,11383.353013154152,11920.494673134792,35.892309574310886,20783.743976268142,32167.09698942229
10,4,75,all_nodes,random,30,20,1.0,61651388.9,61846475.5,133.75556139614338,45.968542401738475,2.25232055,0.0006168,2.25170375,0.689111328125,0.2998046875,1.0,9903.55564018932,10112.27245749121,32.803807721382064,20783.743976268142,30687.299616457465
10,4,75,anchor_important,most_delayed,10,20,1.0,84369108.45,86170501.5,356.6518209665138,62.862601860965015,2.2770204499999998,0.0017604499999999998,2.2752600000000003,0.6904296875,0.099853515625,1.0,9232.069054487942,9825.805323372046,31.250170373191416,20763.40999351857,29995.47904800651
10,4,75,anchor_important,most_delayed,30,20,1.0,46315755.85,47311404.5,74.7219357154107,34.385109329134174,2.2770204499999998,0.0019450499999999998,2.2750754,0.6904296875,0.2998046875,1.0,4529.469591558141,4981.794001025291,18.227184556285874,20763.40999351857,25292.87958507671
10,4,75,anchor_important,random,10,20,1.0,92375863.8,92363545.0,592.921595475581,68.89453859224835,2.2770204499999998,0.00041995,2.2766005,0.6904296875,0.099853515625,1.0,11403.686995903725,11767.269186022428,35.95690706545764,20763.40999351857,32167.09698942229
10,4,75,anchor_important,random,30,20,1.0,61786952.5,61754255.0,134.0249709068805,46.06730617730507,2.2770204499999998,0.0006168,2.27640365,0.6904296875,0.2998046875,1.0,9923.889622938894,10185.440985639423,32.877595730096616,20763.40999351857,30687.299616457465
10,4,75,congestion_important,most_delayed,10,20,1.0,85066164.3,91049208.5,359.67672819643957,63.507497051082055,2.2872612,0.0017604499999999998,2.2855007499999997,0.7435791015625,0.099853515625,1.0,7579.251012972403,8661.691418114993,25.491856498027925,22416.228035034106,29995.47904800651
10,4,75,congestion_important,most_delayed,30,20,0.9,47012811.7,54707054.0,75.97389492209797,35.03000451925122,2.2872612,0.0019450499999999998,2.28531615,0.7435791015625,0.2998046875,0.8,2876.651550042602,3672.1049660452427,11.328473535789731,22416.228035034106,25292.87958507671
10,4,75,congestion_important,random,10,20,1.0,93072919.65,98917984.5,597.4137584821949,69.53943378236539,2.2872612,0.00041995,2.28684125,0.7435791015625,0.099853515625,1.0,9750.868954388188,10905.064915377377,30.610095578430958,22416.228035034106,32167.09698942229
10,4,75,congestion_important,random,30,20,1.0,62484008.35,68825780.0,135.76059311321768,46.71220136742211,2.2872612,0.0006168,2.2866444,0.7435791015625,0.2998046875,1.0,8271.071581423355,8721.728929275345,27.251161220450122,22416.228035034106,30687.299616457465
20,1,25,all_nodes,most_delayed,10,20,0.7,2214482.35,4121988.0,32.40229302149297,5.317434582239888,0.44775964999999995,0.0004091,0.44735055,0.153125,0.099609375,0.6,239.90937883027453,814.5179174161422,0.7157641161578215,39575.40781205909,39815.31719088937
20,1,25,all_nodes,most_delayed,30,20,0.0,-9763225.6,-7029734.0,-49.309692009351416,-21.87918843792492,0.44775964999999995,0.00047065,0.44728900000000005,0.153125,0.2998046875,0.0,-5081.66373953469,-4424.313484045149,-15.07404218408927,39575.40781205909,34493.74407252441
20,1,25,all_nodes,random,10,20,0.75,3336105.7,5375604.5,58.78588306760632,7.928186688347549,0.44775964999999995,0.00011535,0.4476443,0.153125,0.099609375,0.75,1456.4206044268035,2281.2942206959888,3.7079051457620578,39575.40781205909,41031.8284164859
20,1,25,all_nodes,random,30,20,0.0,-8089812.0,-5470862.0,-44.22699126581308,-17.957053913224563,0.44775964999999995,0.00017305,0.4475866,0.153125,0.2998046875,0.0,-2747.7535582236715,-1946.591605178346,-7.393939347831003,39575.40781205909,36827.654253835426
20,1,25,anchor_important,most_delayed,10,20,0.6,1189033.7,2648216.5,19.97435375901825,3.5623376649967895,0.45739549999999995,0.0004091,0.4569864,0.140380859375,0.099609375,0.6,-57.20674359909426,342.15084775847754,0.12536153482688772,39872.52393448846,39815.31719088937
20,1,25,anchor_important,most_delayed,30,20,0.0,-10788674.25,-8732970.5,-53.842378700359404,-23.63428535516802,0.45739549999999995,0.00047065,0.45692484999999994,0.140380859375,0.2998046875,0.0,-5378.779861964059,-4390.386221776287,-15.727900606140008,39872.52393448846,34493.74407252441
20,1,25,anchor_important,random,10,20,0.65,2310657.05,4304877.0,45.72848323739063,6.173089771104452,0.45739549999999995,0.00011535,0.45728015,0.140380859375,0.099609375,0.7,1159.3044819974346,1696.0195223836981,3.116720477029113,39872.52393448846,41031.8284164859
20,1,25,anchor_important,random,30,20,0.0,-9115260.65,-5378025.0,-48.715076572129504,-19.712150830467657,0.45739549999999995,0.00017305,0.45722245,0.140380859375,0.2998046875,0.05,-3044.86968065304,-2054.5808406023225,-8.068708805851132,39872.52393448846,36827.654253835426
20,1,25,congestion_important,most_delayed,10,20,0.2,-2681607.15,-3884631.0,-33.912014278806666,-5.66624466259292,0.4170549,0.0004091,0.41664580000000007,0.077294921875,0.099609375,0.15,-1622.88166755543,-1797.640564004285,-4.008357235138051,41438.1988584448,39815.31719088937
20,1,25,congestion_important,most_delayed,30,20,0.0,-14659315.1,-15492340.5,-74.53466232654391,-32.86286768275773,0.4170549,0.00047065,0.41658425,0.077294921875,0.2998046875,0.0,-6944.454785920394,-6876.406028797137,-20.571920968630046,41438.1988584448,34493.74407252441
20,1,25,congestion_important,random,10,20,0.3,-1559983.8,-2687920.0,-20.638581513492454,-3.055492556485258,0.4170549,0.00011535,0.41693955000000005,0.077294921875,0.099609375,0.35,-406.3704419589012,-562.7735523697811,-0.8656076938812147,41438.1988584448,41031.8284164859
20,1,25,congestion_important,random,30,20,0.05,-12985901.5,-13842853.5,-71.81402647349827,-28.940733158057366,0.4170549,0.00017305,0.41688185000000005,0.077294921875,0.2998046875,0.0,-4610.544604609376,-4323.650337670113,-12.517700024475747,41438.1988584448,36827.654253835426
20,1,50,all_nodes,most_delayed,10,20,1.0,16799015.65,16196703.0,223.49448797297705,37.59221539856547,0.6076166,0.0004091,0.6072075,0.410107421875,0.099609375,1.0,6696.422786374113,6286.089415931367,16.533394944207053,33118.89440451526,39815.31719088937
20,1,50,all_nodes,most_delayed,30,20,1.0,4821307.7,4781004.0,23.88550672717406,10.395592378400666,0.6076166,0.00047065,0.60714595,0.410107421875,0.2998046875,0.85,1374.8496680091473,1157.4449113599076,3.345549014146542,33118.89440451526,34493.74407252441
20,1,50,all_nodes,random,10,20,1.0,17920639.0,17097620.0,284.6913027481933,40.20296750467314,0.6076166,0.00011535,0.60750125,0.410107421875,0.099609375,1.0,7912.934011970641,7449.066940515633,19.066594906908016,33118.89440451526,41031.8284164859
20,1,50,all_nodes,random,30,20,1.0,6494721.3,6111147.5,35.71216208174367,14.317726903101027,0.6076166,0.00017305,0.6074435499999999,0.410107421875,0.2998046875,1.0,3708.7598493201667,3228.878509136588,9.79189237579317,33118.89440451526,36827.654253835426
20,1,50,anchor_important,most_delayed,10,20,1.0,17829901.3,17496864.0,238.32656982952403,40.156735736981155,0.6307892500000001,0.0004091,0.63038015,0.432958984375,0.099609375,1.0,7255.181558173145,6733.513603539288,18.067639065274136,32560.135632716225,39815.31719088937
20,1,50,anchor_important,most_delayed,30,20,1.0,5852193.35,5541300.5,29.625942303897496,12.960112716816345,0.6307892500000001,0.00047065,0.6303186000000001,0.432958984375,0.2998046875,0.9,1933.608439808181,1628.0691707917922,5.15283034433825,32560.135632716225,34493.74407252441
20,1,50,anchor_important,random,10,20,1.0,18951524.65,18056789.5,302.6684213350464,42.767487843088816,0.6307892500000001,0.00011535,0.6306739,0.432958984375,0.099609375,1.0,8471.692783769675,7588.096067993731,20.540791739485936,32560.135632716225,41031.8284164859
20,1,50,anchor_important,random,30,20,1.0,7525606.95,7108733.5,42.10083787159863,16.88224724151671,0.6307892500000001,0.00017305,0.6306162,0.432958984375,0.2998046875,1.0,4267.518621119199,3880.8940898490746,11.42655850781535,32560.135632716225,36827.654253835426
20,1,50,congestion_important,most_delayed,10,20,0.9,17138983.0,17880063.5,231.3055172376162,39.33739558708179,0.6175204,0.0004091,0.6171113,0.45537109375,0.099609375,0.9,6309.213616060402,5861.61802492433,15.679240821362773,33506.103574828965,39815.31719088937
20,1,50,congestion_important,most_delayed,30,20,0.8,5161275.05,7660451.5,27.498658417446528,12.140772566916977,0.6175204,0.00047065,0.61704975,0.45537109375,0.2998046875,0.65,987.6404976954375,1177.005601501558,2.357888982193832,33506.103574828965,34493.74407252441
20,1,50,congestion_important,random,10,20,0.95,18260606.35,18868712.5,301.36890298795504,41.948147693189455,0.6175204,0.00011535,0.61740505,0.45537109375,0.099609375,0.95,7525.724841656932,6902.811625792008,18.17736125119098,33506.103574828965,41031.8284164859
20,1,50,congestion_important,random,30,20,0.8,6834688.65,8885735.5,40.937339918458996,16.06290709161734,0.6175204,0.00017305,0.61734735,0.45537109375,0.2998046875,0.8,3321.5506790064564,3485.8374830888515,8.752232650816783,33506.103574828965,36827.654253835426
20,1,75,all_nodes,most_delayed,10,20,1.0,27773346.7,27023608.0,370.546437948069,62.34117644154984,0.7513688000000001,0.0004091,0.7509597,0.666748046875,0.099609375,1.0,13470.379516509343,12465.077000351035,32.91367021289393,26344.937674380024,39815.31719088937
20,1,75,all_nodes,most_delayed,30,20,1.0,15795638.75,15084274.5,80.16739796868379,35.14455342138503,0.7513688000000001,0.00047065,0.75089815,0.666748046875,0.2998046875,1.0,8148.80639814438,6727.165940370307,22.38340467306393,26344.937674380024,34493.74407252441
20,1,75,all_nodes,random,10,20,1.0,28894970.05,27461568.0,459.5510559034221,64.9519285476575,0.7513688000000001,0.00011535,0.75125345,0.666748046875,0.099609375,1.0,14686.890742105874,14247.982941447539,34.96451909070809,26344.937674380024,41031.8284164859
20,1,75,all_nodes,random,30,20,1.0,17469052.35,16336651.5,97.37452117807626,39.06668794608539,0.7513688000000001,0.00017305,0.7511957499999999,0.666748046875,0.2998046875,1.0,10482.716579455398,9954.322972249762,27.536356753587206,26344.937674380024,36827.654253835426
20,1,75,anchor_important,most_delayed,10,20,1.0,28410401.45,27855745.0,380.14595395781066,63.96654751030246,0.7750828000000001,0.0004091,0.7746736999999999,0.68759765625,0.099609375,1.0,13824.279756880835,12925.36579337789,33.951210605243254,25991.037434008536,39815.31719088937
20,1,75,anchor_important,most_delayed,30,20,1.0,16432693.5,15774463.0,83.86296749210494,36.769924490137655,0.7750828000000001,0.00047065,0.77461215,0.68759765625,0.2998046875,1.0,8502.706638515869,7122.231520951793,23.594684129951812,25991.037434008536,34493.74407252441
20,1,75,anchor_important,random,10,20,1.0,29532024.8,28151756.5,471.2084406798079,66.57729961641013,0.7750828000000001,0.00011535,0.77496745,0.68759765625,0.099609375,1.0,15040.790982477361,14419.136462559298,35.95126627903598,25991.037434008536,41031.8284164859
20,1,75,anchor_important,random,30,20,1.0,18106107.1,17024529.5,101.45158563257442,40.692059014838016,0.7750828000000001,0.00017305,0.77490975,0.68759765625,0.2998046875,1.0,10836.616819826888,10290.676918153635,28.631640477791723,25991.037434008536,36827.654253835426
20,1,75,congestion_important,most_delayed,10,20,1.0,30455071.1,29943966.0,408.23698992066153,68.73741388791419,0.78592025,0.0004091,0.78551115,0.766064453125,0.099609375,1.0,13916.7265590114,12511.407536675275,34.06131395787897,25898.59063187797,39815.31719088937
20,1,75,congestion_important,most_delayed,30,20,1.0,18477363.15,17699681.5,94.6310449104063,41.54079086774937,0.78592025,0.00047065,0.7854496,0.766064453125,0.2998046875,1.0,8595.153440646436,7076.669045026103,23.669553814084658,25898.59063187797,34493.74407252441
20,1,75,congestion_important,random,10,20,1.0,31576694.45,30184888.5,504.91290762325906,71.34816599402184,0.78592025,0.00011535,0.7858049,0.766064453125,0.099609375,1.0,15133.237784607929,14035.387019110696,36.05266522982871,25898.59063187797,41031.8284164859
20,1,75,congestion_important,random,30,20,1.0,20150776.75,19057661.5,113.34446465228265,45.462925392449726,0.78592025,0.00017305,0.7857472,0.766064453125,0.2998046875,1.0,10929.063621957455,9786.699031079104,28.745061887450408,25898.59063187797,36827.654253835426
20,2,25,all_nodes,most_delayed,10,20,0.6,2966679.65,8720432.5,15.048462680363741,2.8616629985565165,1.16720365,0.0008565,1.16634715,0.1397705078125,0.099609375,0.5,-483.0828682670279,158.08827214960183,-0.6842861290156803,52720.28381729089,52237.20094902386
20,2,25,all_nodes,most_delayed,30,20,0.0,-28474811.45,-22238850.5,-56.515698542103564,-24.59780186527214,1.16720365,0.0009557,1.16624795,0.1397705078125,0.2998046875,0.0,-7473.48643235365,-7272.554434473008,-16.939738194357,52720.28381729089,45246.79738493724
20,2,25,all_nodes,random,10,20,0.7,7004223.65,12397842.0,46.76953468954434,6.430312168853133,1.16720365,0.0002185,1.16698515,0.1397705078125,0.099609375,0.7,1706.474615463992,2110.2127200113537,3.4423084358712424,52720.28381729089,54426.75843275488
20,2,25,all_nodes,random,30,20,0.0,-22224897.75,-14313901.0,-50.07674776916514,-19.207222305186214,1.16720365,0.00031055,1.1668931,0.1397705078125,0.2998046875,0.05,-3115.108677820875,-2572.8676638488287,-6.60934397709952,52720.28381729089,49605.17513947001
20,2,25,anchor_important,most_delayed,10,20,0.55,1426554.8,4880966.0,9.388681459381143,1.8073896332785373,1.1667004,0.0008565,1.1658439,0.13173828125,0.099609375,0.5,-664.6866774173031,-346.83189117858274,-0.9803341725608842,52901.88762644116,52237.20094902386
20,2,25,anchor_important,most_delayed,30,20,0.0,-30014936.3,-26981854.0,-58.65792663034406,-25.652075230550118,1.1667004,0.0009557,1.1657446999999999,0.13173828125,0.2998046875,0.0,-7655.090241503925,-7802.979997778581,-17.335510198295538,52901.88762644116,45246.79738493724
20,2,25,anchor_important,random,10,20,0.6,5464098.8,8870795.0,38.37639011683471,5.376038803575155,1.1667004,0.0002185,1.1664819,0.13173828125,0.099609375,0.65,1524.870806313717,2177.28487264644,3.1711409631998406,52901.88762644116,54426.75843275488
20,2,25,anchor_important,random,30,20,0.0,-23765022.6,-20416209.0,-53.21874663173344,-20.261495670464193,1.1667004,0.00031055,1.16638985,0.13173828125,0.2998046875,0.05,-3296.7124869711506,-2729.177007675229,-6.896458711294038,52901.88762644116,49605.17513947001
20,2,25,congestion_important,most_delayed,10,20,0.1,-7082558.15,-11256214.0,-38.54749969953761,-6.073043667647233,1.0202149500000002,0.0008565,1.01935845,0.0832275390625,0.099609375,0.05,-2669.420598152513,-2951.487709830675,-5.212306706844756,54906.62154717637,52237.20094902386
20,2,25,congestion_important,most_delayed,30,20,0.05,-38524049.25,-43115689.5,-76.68641633570141,-33.53250853147589,1.0202149500000002,0.0009557,1.01925925,0.0832275390625,0.2998046875,0.0,-9659.824162239134,-9274.992338504218,-22.343810545841343,54906.62154717637,45246.79738493724
20,2,25,congestion_important,random,10,20,0.1,-3045014.15,-8485519.5,-18.5053551095421,-2.504394497350615,1.0202149500000002,0.0002185,1.01999645,0.0832275390625,0.099609375,0.15,-479.8631144214931,-683.144475384368,-0.8748354990167801,54906.62154717637,54426.75843275488
20,2,25,congestion_important,random,30,20,0.1,-32274135.55,-37455295.0,-72.68440815422622,-28.141928971389962,1.0202149500000002,0.00031055,1.0199044000000002,0.0832275390625,0.2998046875,0.05,-5301.44640770636,-5676.727777523098,-11.444220641833304,54906.62154717637,49605.17513947001
20,2,50,all_nodes,most_delayed,10,20,1.0,43872313.65,43006529.0,232.90337501408186,38.03619672587078,1.82906125,0.0008565,1.82820475,0.4228271484375,0.099609375,1.0,7642.809055769967,7941.1386535989,15.068320236031857,44594.391893253895,52237.20094902386
20,2,50,all_nodes,most_delayed,30,20,1.0,12430822.55,12559246.0,24.530509090232123,10.576731862042125,1.82906125,0.0009557,1.82810555,0.4228271484375,0.2998046875,0.7,652.4054916833459,577.4758112379677,1.4168713006774971,44594.391893253895,45246.79738493724
20,2,50,all_nodes,random,10,20,1.0,47909857.65,48556923.5,323.21536164886186,41.6048458961674,1.82906125,0.0002185,1.8288427500000002,0.4228271484375,0.099609375,1.0,9832.366539500987,10119.683822231054,18.53842265017956,44594.391893253895,54426.75843275488
20,2,50,all_nodes,random,30,20,1.0,18680736.25,17786896.5,41.985079486309054,15.967311422128049,1.82906125,0.00031055,1.8287507,0.4228271484375,0.2998046875,1.0,5010.7832462161205,4573.628969469002,10.142793503757108,44594.391893253895,49605.17513947001
20,2,50,anchor_important,most_delayed,10,20,1.0,45443691.25,45590856.0,241.81449750971996,39.590416629622965,1.8734923,0.0008565,1.8726358,0.437451171875,0.099609375,1.0,7970.1734808305655,8345.236287743843,15.910481711850053,44267.02746819329,52237.20094902386
20,2,50,anchor_important,most_delayed,30,20,1.0,14002200.15,13916028.5,27.952191715117046,12.130951765794311,1.8734923,0.0009557,1.8725366,0.437451171875,0.2998046875,0.7,979.7699167439445,681.0432385504137,2.424856734768539,44267.02746819329,45246.79738493724
20,2,50,anchor_important,random,10,20,1.0,49481235.25,49874351.0,334.5823444639391,43.15906579991959,1.8734923,0.0002185,1.8732738000000002,0.437451171875,0.099609375,1.0,10159.730964561586,10277.947136768304,19.33928621223422,44267.02746819329,54426.75843275488
20,2,50,anchor_important,random,30,20,1.0,20252113.85,19317235.0,45.84210989713624,17.521531325880236,1.8734923,0.00031055,1.87318175,0.437451171875,0.2998046875,1.0,5338.147671276719,5004.347807411821,11.058741938994263,44267.02746819329,49605.17513947001
20,2,50,congestion_important,most_delayed,10,20,0.55,15037923.05,1310687.5,91.39684779637572,16.033478623951616,1.3459536,0.0008565,1.3450970999999998,0.2649658203125,0.099609375,0.4,1759.250079640015,-1118.3635113971577,4.909646214784933,50477.95086938385,52237.20094902386
20,2,50,congestion_important,most_delayed,30,20,0.35,-16403568.05,-32627748.5,-27.09550333264776,-11.425986239877036,1.3459536,0.0009557,1.3449978999999999,0.2649658203125,0.2998046875,0.25,-5231.153484446607,-7715.102356294374,-10.405473550226114,50477.95086938385,45246.79738493724
20,2,50,congestion_important,random,10,20,0.6,19075467.05,5537040.5,143.64466866944417,19.602127794248236,1.3459536,0.0002185,1.3457351,0.2649658203125,0.099609375,0.85,3948.8075633710346,1008.2879190084168,8.803600887364698,50477.95086938385,54426.75843275488
20,2,50,congestion_important,random,30,20,0.35,-10153654.35,-25806317.5,-17.403498841669006,-6.035406679791111,1.3459536,0.00031055,1.34564305,0.2649658203125,0.2998046875,0.35,-872.7757299138326,-2829.4603199249323,-0.509465509294111,50477.95086938385,49605.17513947001
20,2,75,all_nodes,most_delayed,10,20,1.0,74339617.5,73480881.0,394.3677486147328,64.34819927168598,2.38809445,0.0008565,2.3872379500000003,0.6781494140625,0.099609375,1.0,18605.93587217513,18725.081119173574,35.94256039065754,33631.26507684873,52237.20094902386
20,2,75,all_nodes,most_delayed,30,20,1.0,42898126.4,42862391.5,84.80376790642029,36.88873440785733,2.38809445,0.0009557,2.38713875,0.6781494140625,0.2998046875,1.0,11615.53230808851,10974.297351077767,25.71539143020497,33631.26507684873,45246.79738493724
20,2,75,all_nodes,random,10,20,1.0,78377161.5,78836649.5,528.2477056946085,67.9168484419826,2.38809445,0.0002185,2.38787595,0.6781494140625,0.099609375,1.0,20795.49335590615,21623.61365713453,38.54204360776245,33631.26507684873,54426.75843275488
20,2,75,all_nodes,random,30,20,1.0,49148040.1,48732320.5,110.773606375594,42.27931396794325,2.38809445,0.00031055,2.3877839,0.6781494140625,0.2998046875,1.0,15973.910062621284,14509.875332831954,32.218014073732,33631.26507684873,49605.17513947001
20,2,75,anchor_important,most_delayed,10,20,1.0,75507842.5,75388845.5,400.6976091534867,65.44031039211085,2.43099175,0.0008565,2.43013525,0.6906494140625,0.099609375,1.0,19226.272527725338,19061.060690135353,37.224661463615604,33010.92842129852,52237.20094902386
20,2,75,anchor_important,most_delayed,30,20,1.0,44066351.4,43546160.5,87.21786724729782,37.98084552828219,2.43099175,0.0009557,2.43003605,0.6906494140625,0.2998046875,1.0,12235.868963638713,11310.447483392885,27.24051062761984,33010.92842129852,45246.79738493724
20,2,75,anchor_important,random,10,20,1.0,79545386.5,80456510.0,536.4372597773487,69.00895956240747,2.43099175,0.0002185,2.43077325,0.6906494140625,0.099609375,1.0,21415.830011456354,21959.59322809631,39.75945117558285,33010.92842129852,54426.75843275488
20,2,75,anchor_important,random,30,20,1.0,50316265.1,50003455.0,113.54590353621458,43.37142508836812,2.43099175,0.00031055,2.4306812,0.6906494140625,0.2998046875,1.0,16594.24671817149,14845.854903793734,33.572410551980205,33010.92842129852,49605.17513947001
20,2,75,congestion_important,most_delayed,10,20,0.9,45443701.4,42954216.0,249.91899724216486,41.03904593386567,1.9709694,0.0008565,1.9701129000000002,0.4927978515625,0.099609375,0.85,9852.09962450533,8639.435004437873,20.1887387830375,42385.10132451853,52237.20094902386
20,2,75,congestion_important,most_delayed,30,20,0.55,14002210.3,16083232.0,31.51924805341211,13.579581070037017,1.9709694,0.0009557,1.9700136999999998,0.4927978515625,0.2998046875,0.5,2861.696060418709,2403.3940041111327,7.276573727871018,42385.10132451853,45246.79738493724
20,2,75,congestion_important,random,10,20,0.95,49481245.4,46384592.0,342.6401383181711,44.60769510416229,1.9709694,0.0002185,1.9707508999999999,0.4927978515625,0.099609375,1.0,12041.65710823635,10078.594268485707,23.47373511174996,42385.10132451853,54426.75843275488
20,2,75,congestion_important,random,30,20,0.7,20252124.0,19997621.5,49.77978351011432,18.97016063012294,1.9709694,0.00031055,1.97065885,0.4927978515625,0.2998046875,0.75,7220.073814951483,5622.374666855081,15.571568108242513,42385.10132451853,49605.17513947001
20,4,25,all_nodes,most_delayed,10,20,0.4,208088.45,-5861703.0,0.047692533684073266,0.17123148756010945,2.4727009,0.00173835,2.4709625500000003,0.1239013671875,0.099853515625,0.2,-1502.1338836823656,-1886.7573038031005,-2.3322453751650247,64400.28457530157,62898.1506916192
20,4,25,all_nodes,most_delayed,30,20,0.0,-70783204.45,-78078754.0,-63.2284922890306,-25.961535337540063,2.4727009,0.0019299,2.470771,0.1239013671875,0.2998046875,0.0,-8293.524219653034,-8402.185709901281,-15.155875851974432,64400.28457530157,56106.76035564854
20,4,25,all_nodes,random,10,20,0.55,8961172.35,3130017.0,27.622598175712294,3.400738776358419,2.4727009,0.0004189500000000001,2.47228195,0.1239013671875,0.099853515625,0.65,871.905687784951,407.7105937250453,1.4169599750130284,64400.28457530157,65272.19026308652
20,4,25,all_nodes,random,30,20,0.0,-54235439.7,-61080207.5,-57.29694705665362,-19.889056544134547,2.4727009,0.0006191,2.4720818,0.1239013671875,0.2998046875,0.0,-2523.731768467537,-2351.1999619702256,-4.317027643104564,64400.28457530157,61876.55280683403
20,4,25,anchor_important,most_delayed,10,20,0.4,-2596243.6,-10000999.0,-4.059361258815864,-0.5574168198201377,2.48418285,0.00173835,2.4824445,0.11739501953125,0.099853515625,0.2,-1644.2935458017382,-1928.118942494515,-2.447912287388024,64542.44423742094,62898.1506916192
20,4,25,anchor_important,most_delayed,30,20,0.0,-73587536.5,-85554520.5,-64.88684906747889,-26.690183644920307,2.48418285,0.0019299,2.4822529500000003,0.11739501953125,0.2998046875,0.0,-8435.683881772407,-8404.53131895461,-15.28472096817437,64542.44423742094,56106.76035564854
20,4,25,anchor_important,random,10,20,0.5,6156840.3,-690521.5,21.920485240207828,2.672090468978172,2.48418285,0.0004189500000000001,2.4837639,0.11739501953125,0.099853515625,0.6,729.7460256655784,397.2903810400567,1.3061252105745729,64542.44423742094,65272.19026308652
20,4,25,anchor_important,random,30,20,0.0,-57039771.75,-68222891.0,-59.21998671285576,-20.617704851514794,2.48418285,0.0006191,2.48356375,0.11739501953125,0.2998046875,0.0,-2665.8914305869102,-2058.609938493617,-4.446316578261465,64542.44423742094,61876.55280683403
20,4,25,congestion_important,most_delayed,10,20,0.2,-11460745.6,-14182504.5,-30.412516226058592,-4.57109410811673,2.36796625,0.00173835,2.3662278999999997,0.0851318359375,0.099853515625,0.05,-2188.5078930120576,-2106.115662685377,-3.605946322059465,65086.65858463126,62898.1506916192
20,4,25,congestion_important,most_delayed,30,20,0.0,-82452038.5,-86731616.0,-74.52466216961598,-30.7038609332169,2.36796625,0.0019299,2.36603635,0.0851318359375,0.2998046875,0.0,-8979.898228982725,-8801.049101926514,-16.634951109614114,65086.65858463126,56106.76035564854
20,4,25,congestion_important,random,10,20,0.35,-2707661.7,-5449881.5,-11.279252333396737,-1.3415868193184204,2.36796625,0.0004189500000000001,2.3675473,0.0851318359375,0.099853515625,0.6,185.53167845525894,216.8724889919249,0.1945753758486287,65086.65858463126,65272.19026308652
20,4,25,congestion_important,random,30,20,0.0,-65904273.75,-70524933.0,-70.20055358228214,-24.631382139811386,2.36796625,0.0006191,2.3673471499999996,0.0851318359375,0.2998046875,0.0,-3210.1057777972296,-2815.980374853265,-5.664817112471006,65086.65858463126,61876.55280683403
20,4,50,all_nodes,most_delayed,10,20,1.0,89383106.4,94931397.0,219.44360621588368,33.03583724740175,4.1589053,0.00173835,4.15716695,0.4025146484375,0.099853515625,0.85,5006.452265280421,4896.417529786395,8.451941553874791,57891.698426338786,62898.1506916192
20,4,50,all_nodes,most_delayed,30,20,0.85,18391813.5,26003801.5,16.523614805668167,6.903070422301582,4.1589053,0.0019299,4.1569754,0.4025146484375,0.2998046875,0.25,-1784.938070690247,-1477.4051317624435,-2.8331298859906684,57891.698426338786,56106.76035564854
20,4,50,all_nodes,random,10,20,1.0,98136190.3,104451307.0,306.7765702799879,36.26534453620006,4.1589053,0.0004189500000000001,4.1584863499999996,0.4025146484375,0.099853515625,1.0,7380.4918367477385,7035.306987050379,11.792946653054953,57891.698426338786,65272.19026308652
20,4,50,all_nodes,random,30,20,0.85,34939578.25,41499146.0,36.50720233356339,12.975549215707096,4.1589053,0.0006191,4.1582862,0.4025146484375,0.2998046875,0.95,3984.8543804952496,4347.835017850062,6.833145296241071,57891.698426338786,61876.55280683403
20,4,50,anchor_important,most_delayed,10,20,0.95,82145859.8,96811646.0,200.55941088746673,30.022084134125897,4.1176322999999995,0.00173835,4.11589395,0.37945556640625,0.099853515625,0.75,4239.939453123249,3934.2764022092088,7.051524933231877,58658.21123849596,62898.1506916192
20,4,50,anchor_important,most_delayed,30,20,0.75,11154566.9,28848361.5,9.641977144731806,3.889317309025728,4.1176322999999995,0.0019299,4.1157024,0.37945556640625,0.2998046875,0.2,-2551.450882847419,-1892.9204102671974,-4.466741008524265,58658.21123849596,56106.76035564854
20,4,50,anchor_important,random,10,20,1.0,90898943.7,106565534.0,283.97491225082615,33.25159142292421,4.1176322999999995,0.0004189500000000001,4.11721335,0.37945556640625,0.099853515625,1.0,6613.979024590566,6615.954806239719,10.43789621462305,58658.21123849596,65272.19026308652
20,4,50,anchor_important,random,30,20,0.75,27702331.65,44709207.0,28.664058903934897,9.961796102431242,4.1176322999999995,0.0006191,4.117013200000001,0.37945556640625,0.2998046875,0.85,3218.3415683380776,4225.2058968406745,5.347753666067964,58658.21123849596,61876.55280683403
20,4,50,congestion_important,most_delayed,10,20,0.9,58674036.2,45461146.5,141.56649798480257,21.78630151893585,3.6845869,0.00173835,3.68284855,0.31392822265625,0.099853515625,0.7,2809.1419927410784,699.52161566215,4.842531896753774,60089.008698878126,62898.1506916192
20,4,50,congestion_important,most_delayed,30,20,0.3,-12317256.7,-24427740.0,-11.44123424132311,-4.346465306164322,3.6845869,0.0019299,3.6826570000000003,0.31392822265625,0.2998046875,0.2,-3982.24834322959,-5234.9548778356075,-6.909933523630255,60089.008698878126,56106.76035564854
20,4,50,congestion_important,random,10,20,0.9,67427120.1,54387232.5,205.90972387958908,25.015808807734157,3.6845869,0.0004189500000000001,3.68416795,0.31392822265625,0.099853515625,1.0,5183.181564208395,3090.8730451868614,8.320929923769459,60089.008698878126,65272.19026308652
20,4,50,congestion_important,random,30,20,0.5,4230508.05,-2622894.5,2.9042268864746523,1.726013487241192,3.6845869,0.0006191,3.6839678,0.31392822265625,0.2998046875,0.65,1787.5441079559066,809.6594532155323,3.1818623054826545,60089.008698878126,61876.55280683403
20,4,75,all_nodes,most_delayed,10,20,1.0,173656450.3,173312248.5,427.84444666447627,63.752233399298326,5.893053350000001,0.00173835,5.8913150000000005,0.68778076171875,0.099853515625,1.0,17055.619623090482,17512.219819190344,27.813385617771264,45842.531068528726,62898.1506916192
20,4,75,all_nodes,most_delayed,30,20,1.0,102665157.4,102769237.0,92.12515504789532,37.61946657419816,5.893053350000001,0.0019299,5.89112345,0.68778076171875,0.2998046875,1.0,10264.229287119813,11076.929898312104,19.03791722137357,45842.531068528726,56106.76035564854
20,4,75,all_nodes,random,10,20,1.0,182409534.2,181564938.0,572.613964153401,66.98174068809664,5.893053350000001,0.0004189500000000001,5.8926344,0.68778076171875,0.099853515625,1.0,19429.6591945578,19759.311628249197,30.435069371825158,45842.531068528726,65272.19026308652
20,4,75,all_nodes,random,30,20,1.0,119212922.15,117492239.5,125.65329712778865,43.69194536760367,5.893053350000001,0.0006191,5.89243425,0.68778076171875,0.2998046875,1.0,16034.02173830531,16618.704813277534,26.630904195015244,45842.531068528726,61876.55280683403
20,4,75,anchor_important,most_delayed,10,20,1.0,175115543.8,175102969.5,431.32657785037264,64.30587497279751,5.95179225,0.00173835,5.9500538999999995,0.6940185546875,0.099853515625,1.0,17369.758667197253,18038.83995758262,28.3635554754831,45528.39202442195,62898.1506916192
20,4,75,anchor_important,most_delayed,30,20,1.0,104124250.9,104113829.0,93.41383573553928,38.173108147697334,5.95179225,0.0019299,5.94986235,0.6940185546875,0.2998046875,1.0,10578.368331226584,11532.358131573972,19.674718536149705,45528.39202442195,56106.76035564854
20,4,75,anchor_important,random,10,20,1.0,183868627.7,183577700.0,577.0604543835807,67.53538226159581,5.95179225,0.0004189500000000001,5.9513733,0.6940185546875,0.099853515625,1.0,19743.798238664567,20169.663493342156,30.962471281044003,45528.39202442195,65272.19026308652
20,4,75,anchor_important,random,30,20,1.0,120672015.65,118349888.0,127.15147094633639,44.24558694110285,5.95179225,0.0006191,5.95117315,0.6940185546875,0.2998046875,1.0,16348.160782412082,16926.694619686983,27.210444001859962,45528.39202442195,61876.55280683403
20,4,75,congestion_important,most_delayed,10,20,1.0,178867861.7,185083114.5,440.03699614441376,65.88010596052594,5.96157545,0.00173835,5.9598371,0.733251953125,0.099853515625,1.0,17118.754813709926,18999.601586856716,27.99156386869098,45779.39587790928,62898.1506916192
20,4,75,congestion_important,most_delayed,30,20,1.0,107876568.8,113535336.5,96.88684660961592,39.747339135425776,5.96157545,0.0019299,5.959645549999999,0.733251953125,0.2998046875,0.95,10327.364477739256,11688.062756386647,19.25324854997108,45779.39587790928,56106.76035564854
20,4,75,congestion_important,random,10,20,1.0,187620945.6,195434526.0,588.7625570455374,69.10961324932425,5.96157545,0.0004189500000000001,5.9611564999999995,0.733251953125,0.099853515625,1.0,19492.79438517724,21268.30459743442,30.603174753009313,45779.39587790928,65272.19026308652
20,4,75,congestion_important,random,30,20,1.0,124424333.55,133260584.0,131.09938333902542,45.819817928831284,5.96157545,0.0006191,5.96095635,0.733251953125,0.2998046875,1.0,16097.156928924753,18540.95378057625,26.877662391305627,45779.39587790928,61876.55280683403
40,1,25,all_nodes,most_delayed,10,20,0.9,5373624.25,5378045.0,48.18755931916168,7.152820656097991,0.8797288,0.0004067,0.8793220999999999,0.162744140625,0.099609375,0.75,1149.4594265464984,795.1027509132764,1.566900332733764,65775.18883809558,66924.64826464208
40,1,25,all_nodes,most_delayed,30,20,0.0,-12674381.15,-12614495.5,-45.24446778151132,-17.7581934996706,0.8797288,0.0004522,0.8792766000000001,0.162744140625,0.2998046875,0.0,-4887.433886910088,-4992.617967197344,-8.111670510150471,65775.18883809558,60887.7549511855
40,1,25,all_nodes,random,10,20,0.9,6535677.2,6751910.0,66.76825236622514,8.75146254675812,0.8797288,0.00011455,0.87961425,0.162744140625,0.099609375,0.9,2409.8205436831577,2045.4795734329164,3.372973437693612,65775.18883809558,68185.00938177874
40,1,25,all_nodes,random,30,20,0.0,-11489312.45,-11715170.5,-42.734838747563295,-16.031189589777576,0.8797288,0.0001672,0.8795615999999999,0.162744140625,0.2998046875,0.0,-3234.6184057385412,-3130.6750550551005,-5.11133064885753,65775.18883809558,62540.570432357046
40,1,25,anchor_important,most_delayed,10,20,0.95,8486597.3,9008347.0,79.24684897307927,11.582783329316639,0.93203255,0.0004067,0.93162585,0.19736328125,0.099609375,0.9,2160.6559060794075,2012.788754469595,3.0974002248609924,64763.992358562675,66924.64826464208
40,1,25,anchor_important,most_delayed,30,20,0.0,-9561408.1,-9089630.5,-33.80728202536862,-13.328230826451952,0.93203255,0.0004522,0.93158035,0.19736328125,0.2998046875,0.0,-3876.23740737718,-3582.0582594210427,-6.438033123853474,64763.992358562675,60887.7549511855
40,1,25,anchor_important,random,10,20,0.95,9648650.25,9917908.5,101.38254555232052,13.181425219976768,0.93203255,0.00011455,0.9319179999999999,0.19736328125,0.099609375,0.95,3421.017023216067,3155.9684948851827,4.878510171954906,64763.992358562675,68185.00938177874
40,1,25,anchor_important,random,30,20,0.0,-8376339.4,-7609188.0,-30.796017826119158,-11.601226916558925,0.93203255,0.0001672,0.93186535,0.19736328125,0.2998046875,0.0,-2223.421926205632,-2151.8211275680005,-3.4815444871542107,64763.992358562675,62540.570432357046
40,1,25,congestion_important,most_delayed,10,20,0.35,-927924.55,-2916664.5,0.3402084784358365,-0.06313290510245899,0.83700605,0.0004067,0.83659935,0.11123046875,0.099609375,0.35,-959.1625671528418,-1523.575763390625,-1.1408065372498377,67883.81083179492,66924.64826464208
40,1,25,congestion_important,most_delayed,30,20,0.0,-18975929.95,-21654129.0,-62.844544927495896,-24.97414706087105,0.83700605,0.0004522,0.8365538499999999,0.11123046875,0.2998046875,0.0,-6996.055880609429,-7396.990706098244,-11.151470526388609,67883.81083179492,60887.7549511855
40,1,25,congestion_important,random,10,20,0.35,234128.4,-1253544.5,13.201999894164038,1.5355089855576698,0.83700605,0.00011455,0.8368914999999999,0.11123046875,0.099609375,0.55,301.19854998381743,128.80311174384406,0.7176497911525199,67883.81083179492,68185.00938177874
40,1,25,congestion_important,random,30,20,0.0,-17790861.25,-20134229.0,-60.81658519735089,-23.247143150978026,0.83700605,0.0001672,0.83683885,0.11123046875,0.2998046875,0.0,-5343.240399437882,-5781.9953884275965,-8.09425625850568,67883.81083179492,62540.570432357046
40,1,50,all_nodes,most_delayed,10,20,1.0,23844590.3,23081094.5,224.37674004806496,32.68438997068967,1.0604293500000002,0.0004067,1.06002265,0.377783203125,0.099609375,1.0,7424.380845080215,6586.519824111463,10.738325904517927,59500.267419561875,66924.64826464208
40,1,50,all_nodes,most_delayed,30,20,1.0,5796584.9,5322713.5,19.658195105009018,7.773375814921077,1.0604293500000002,0.0004522,1.05997715,0.377783203125,0.2998046875,0.85,1387.487531623629,517.780882310446,2.0093651925834566,59500.267419561875,60887.7549511855
40,1,50,all_nodes,random,10,20,1.0,25006643.25,23963887.5,264.085709740992,34.2830318613498,1.0604293500000002,0.00011455,1.0603148,0.377783203125,0.099609375,1.0,8684.741962216876,8138.154498683027,12.372692460185872,59500.267419561875,68185.00938177874
40,1,50,all_nodes,random,30,20,1.0,6981653.6,6409863.5,25.114889584868596,9.500379724814103,1.0604293500000002,0.0001672,1.06026215,0.377783203125,0.2998046875,1.0,3040.303012795176,2526.664813612566,4.736469413363102,59500.267419561875,62540.570432357046
40,1,50,anchor_important,most_delayed,10,20,1.0,27510424.5,26664088.5,259.83397103416803,37.815679473011684,1.1197119,0.0004067,1.1193052,0.424462890625,0.099609375,1.0,8860.482016600665,8199.167736035582,12.849263790643377,58064.166248041416,66924.64826464208
40,1,50,anchor_important,most_delayed,30,20,1.0,9462419.1,8880211.5,32.74752312301293,12.90466531724309,1.1197119,0.0004522,1.1192597,0.424462890625,0.2998046875,1.0,2823.5887031440766,2044.8156307400677,4.33225461310666,58064.166248041416,60887.7549511855
40,1,50,anchor_important,random,10,20,1.0,28672477.45,27587569.5,303.9358076760456,39.41432136367181,1.1197119,0.00011455,1.1195973499999998,0.424462890625,0.099609375,1.0,10120.843133737322,9777.57181551401,14.441771878504966,58064.166248041416,68185.00938177874
40,1,50,anchor_important,random,30,20,1.0,10647487.8,10135475.5,38.832288315169585,14.631669227136111,1.1197119,0.0001672,1.1195447,0.424462890625,0.2998046875,1.0,4476.404184315625,4189.49086996177,6.99475940900191,58064.166248041416,62540.570432357046
40,1,50,congestion_important,most_delayed,10,20,0.9,22687916.3,25137311.0,222.85101160145814,31.952740346577126,1.0626071,0.0004067,1.0622004,0.385107421875,0.099609375,0.9,6358.269856811001,6269.715536569456,9.442944377971791,60566.378407831085,66924.64826464208
40,1,50,congestion_important,most_delayed,30,20,0.8,4639910.9,8924919.0,18.964027103924792,7.041726190808539,1.0626071,0.0004522,1.0621549,0.385107421875,0.2998046875,0.8,321.3765433544133,1175.2125496188455,0.49540777544708964,60566.378407831085,60887.7549511855
40,1,50,congestion_important,random,10,20,0.9,23849969.25,26589083.0,263.00903494114385,33.55138223723726,1.0626071,0.00011455,1.06249255,0.385107421875,0.099609375,0.9,7618.630973947659,7568.047451071969,11.094282496675147,60566.378407831085,68185.00938177874
40,1,50,congestion_important,random,30,20,0.8,5824979.6,10659948.5,24.65411361897268,8.768730100701564,1.0626071,0.0001672,1.0624399,0.385107421875,0.2998046875,0.8,1974.1920245259607,3583.3844752651457,3.235540080454777,60566.378407831085,62540.570432357046
40,1,75,all_nodes,most_delayed,10,20,1.0,42540617.65,40918649.0,402.33977132071243,58.568965128705806,1.2719749,0.0004067,1.2715682,0.639453125,0.099609375,1.0,14971.199931709038,13564.218696156651,21.743858812654707,51953.44833293305,66924.64826464208
40,1,75,all_nodes,most_delayed,30,20,1.0,24492612.25,23784496.5,85.30059232745472,33.657950972937215,1.2719749,0.0004522,1.2715227,0.639453125,0.2998046875,1.0,8934.306618252449,7760.781033979063,14.191823111084428,51953.44833293305,60887.7549511855
40,1,75,all_nodes,random,10,20,1.0,43702670.6,41686267.0,463.84830464336574,60.16760701936594,1.2719749,0.00011455,1.27186035,0.639453125,0.099609375,1.0,16231.561048845697,15501.142231948408,23.165956486373016,51953.44833293305,68185.00938177874
40,1,75,all_nodes,random,30,20,1.0,25677680.95,24463687.5,93.82827416379008,35.38495488283024,1.2719749,0.0001672,1.2718076999999999,0.639453125,0.2998046875,1.0,10587.122099423996,9762.356558222353,16.583844383633256,51953.44833293305,62540.570432357046
40,1,75,anchor_important,most_delayed,10,20,1.0,45387161.85,44553606.0,430.15727263395195,62.571786081855656,1.3280758499999998,0.0004067,1.32766915,0.683251953125,0.099609375,1.0,16576.959418128732,15175.059991052738,24.05847481367367,50347.68884651335,66924.64826464208
40,1,75,anchor_important,most_delayed,30,20,1.0,27339156.45,27145670.0,95.55703010728055,37.660771926087065,1.3280758499999998,0.0004522,1.32762365,0.683251953125,0.2998046875,1.0,10540.066104672145,9223.673855199162,16.742492791396565,50347.68884651335,60887.7549511855
40,1,75,anchor_important,random,10,20,1.0,46549214.8,45326975.0,495.0132071477912,64.17042797251578,1.3280758499999998,0.00011455,1.3279613,0.683251953125,0.099609375,1.0,17837.320535265393,17111.983526844495,25.43528123446975,50347.68884651335,68185.00938177874
40,1,75,anchor_important,random,30,20,1.0,28524225.15,28104395.5,104.57156780101607,39.387775835980094,1.3280758499999998,0.0001672,1.32790865,0.683251953125,0.2998046875,1.0,12192.881585843692,11301.03943754757,19.06427324641307,50347.68884651335,62540.570432357046
40,1,75,congestion_important,most_delayed,10,20,1.0,46910059.9,46513930.5,444.771574581381,64.71220233697379,1.33168355,0.0004067,1.3312768499999998,0.7123046875,0.099609375,1.0,16781.26689526942,16034.37036303478,24.461437427084313,50143.38136937266,66924.64826464208
40,1,75,congestion_important,most_delayed,30,20,1.0,28862054.5,28519700.0,100.9419317062539,39.801188181205205,1.33168355,0.0004522,1.33123135,0.7123046875,0.2998046875,1.0,10744.373581812832,9691.133615943407,17.196503669207388,50143.38136937266,60887.7549511855
40,1,75,congestion_important,random,10,20,1.0,48072112.85,47146214.5,511.2331000294991,66.31084422763392,1.33168355,0.00011455,1.331569,0.7123046875,0.099609375,1.0,18041.62801240608,17838.188150453432,25.831687256047722,50143.38136937266,68185.00938177874
40,1,75,congestion_important,random,30,20,1.0,30047123.2,29900385.0,110.22922211632336,41.528192091098234,1.33168355,0.0001672,1.3315163499999998,0.7123046875,0.2998046875,1.0,12397.18906298438,11754.453687583456,19.49852586907591,50143.38136937266,62540.570432357046
40,2,25,all_nodes,most_delayed,10,20,0.95,17653386.2,19135046.5,54.57348873990445,8.53961106163619,2.3670977,0.00082635,2.36627135,0.170068359375,0.099609375,0.9,2535.625029210716,2423.245923226481,2.6022972664640287,87572.5733710062,90108.19840021692
40,2,25,all_nodes,most_delayed,30,20,0.0,-35207601.9,-33508481.0,-43.087118935869356,-18.269771884063637,2.3670977,0.0009140499999999999,2.36618365,0.170068359375,0.2998046875,0.0,-8563.835748969941,-8494.607361909671,-11.081255451405067,87572.5733710062,79008.73762203626
40,2,25,all_nodes,random,10,20,0.95,20443094.7,21199071.5,70.26100585364179,10.028675963851978,2.3670977,0.000216,2.3668817,0.170068359375,0.099609375,0.95,4048.48213333219,4132.344205305919,4.29868213460119,87572.5733710062,91621.0555043384
40,2,25,all_nodes,random,30,20,0.0,-31494799.55,-29152672.5,-40.27912264079473,-16.253597174625213,2.3670977,0.0003127,2.366785,0.170068359375,0.2998046875,0.0,-5974.7127712851425,-5730.215782855499,-7.324153686041305,87572.5733710062,81597.86059972105
40,2,25,anchor_important,most_delayed,10,20,0.95,20545003.95,26330598.0,65.13709537527907,10.190707003299593,2.4449441,0.00082635,2.44411775,0.1819091796875,0.099609375,0.85,3218.3421981177735,3460.096026267216,3.409753866413742,86889.85620209915,90108.19840021692
40,2,25,anchor_important,most_delayed,30,20,0.0,-32315984.15,-28229873.0,-39.1822175204091,-16.618675942400234,2.4449441,0.0009140499999999999,2.44403005,0.1819091796875,0.2998046875,0.0,-7881.1185800628855,-7501.609393334933,-10.154113527700547,86889.85620209915,79008.73762203626
40,2,25,anchor_important,random,10,20,0.95,23334712.45,29248402.5,81.57392961794409,11.679771905515379,2.4449441,0.000216,2.4447281,0.1819091796875,0.099609375,0.9,4731.199302239247,5668.133182853686,5.094479330342765,86889.85620209915,91621.0555043384
40,2,25,anchor_important,random,30,20,0.0,-28603181.8,-22632857.5,-36.25802993239472,-14.602501232961814,2.4449441,0.0003127,2.4446314,0.1819091796875,0.2998046875,0.0,-5291.995602378085,-5061.455484252358,-6.4229921871610545,86889.85620209915,81597.86059972105
40,2,25,congestion_important,most_delayed,10,20,0.05,-16599782.4,-18225116.5,-51.806767945757564,-8.036652495805267,2.0074647,0.00082635,2.0066383500000002,0.053515625,0.099609375,0.05,-3726.3338187548447,-3996.3495185397114,-4.030841664559637,93834.53221897177,90108.19840021692
40,2,25,congestion_important,most_delayed,30,20,0.0,-69460770.5,-70637559.0,-82.0849747257749,-34.846035441505094,2.0074647,0.0009140499999999999,2.0065506500000003,0.053515625,0.2998046875,0.0,-14825.794596935502,-16034.315444867694,-18.683602406997565,93834.53221897177,79008.73762203626
40,2,25,congestion_important,random,10,20,0.05,-13810073.9,-14325053.0,-45.31985541422371,-6.547587593589482,2.0074647,0.000216,2.0072487,0.053515625,0.099609375,0.05,-2213.476714633371,-2492.6182418993412,-2.2395250169610743,93834.53221897177,91621.0555043384
40,2,25,congestion_important,random,30,20,0.0,-65747968.15,-66632192.5,-81.0945517385985,-32.82986073206668,2.0074647,0.0003127,2.007152,0.053515625,0.2998046875,0.0,-12236.671619250705,-13203.5931111061,-14.696018887831915,93834.53221897177,81597.86059972105
40,2,50,all_nodes,most_delayed,10,20,1.0,71975240.05,72418367.0,231.52516759137035,36.18606205012766,3.1174936000000004,0.00082635,3.11666725,0.3906982421875,0.099609375,1.0,14477.766407351717,14627.8963695106,15.675711631792463,75630.4319928652,90108.19840021692
40,2,50,all_nodes,most_delayed,30,20,1.0,19114251.95,16453762.0,22.110942375596228,9.376679104427836,3.1174936000000004,0.0009140499999999999,3.11657955,0.3906982421875,0.2998046875,0.95,3378.30562917106,2479.4602905512074,3.8605669733796013,75630.4319928652,79008.73762203626
40,2,50,all_nodes,random,10,20,1.0,74764948.55,74549709.0,266.7805840945897,37.67512695234345,3.1174936000000004,0.000216,3.1172776000000004,0.3906982421875,0.099609375,1.0,15990.623511473192,16094.16936556503,17.14536831501015,75630.4319928652,91621.0555043384
40,2,50,all_nodes,random,30,20,1.0,22827054.3,21276570.5,28.188987674865814,11.392853813866257,3.1174936000000004,0.0003127,3.1171809,0.3906982421875,0.2998046875,1.0,5967.4286068558595,5426.912669776488,7.142994242067028,75630.4319928652,81597.86059972105
40,2,50,anchor_important,most_delayed,10,20,1.0,80026686.15,80630052.5,258.18762162028304,40.35445707476525,3.27422105,0.00082635,3.2733947,0.4289306640625,0.099609375,1.0,16399.839732090717,16692.23401985645,17.798230672890952,73708.3586681262,90108.19840021692
40,2,50,anchor_important,most_delayed,30,20,1.0,27165698.05,25999978.5,31.961701255232583,13.545074129065421,3.27422105,0.0009140499999999999,3.273307,0.4289306640625,0.2998046875,1.0,5300.378953910058,4442.03261886668,6.281356473365403,73708.3586681262,79008.73762203626
40,2,50,anchor_important,random,10,20,1.0,82816394.65,83078582.0,296.0415432775793,41.84352197698103,3.27422105,0.000216,3.2740050500000004,0.4289306640625,0.099609375,1.0,17912.69683621219,18505.67266707112,19.234029071326386,73708.3586681262,91621.0555043384
40,2,50,anchor_important,random,30,20,1.0,30878500.4,29973140.0,38.52234283632352,15.56124883850384,3.27422105,0.0003127,3.27390835,0.4289306640625,0.2998046875,1.0,7889.501931594857,8043.579511963362,9.484941388302971,73708.3586681262,81597.86059972105
40,2,50,congestion_important,most_delayed,10,20,0.65,18561978.75,12324505.0,75.81103671897904,12.007813665745621,2.58888485,0.00082635,2.5880585,0.2126708984375,0.099609375,0.6,2523.8485628405842,993.5743470930393,3.7993608698383183,87584.34983737634,90108.19840021692
40,2,50,congestion_important,most_delayed,30,20,0.25,-34299009.35,-51453530.5,-34.38917363884121,-14.801569279954204,2.58888485,0.0009140499999999999,2.5879708,0.2126708984375,0.2998046875,0.25,-8575.612215340074,-11203.664059827657,-9.812101985537314,87584.34983737634,79008.73762203626
40,2,50,congestion_important,random,10,20,0.65,21351687.25,17017870.0,98.5814900715847,13.496878567961408,2.58888485,0.000216,2.58866885,0.2126708984375,0.099609375,0.7,4036.705666962059,2510.6352321962113,5.430071027439635,87584.34983737634,91621.0555043384
40,2,50,congestion_important,random,30,20,0.25,-30586207.0,-48855342.5,-30.756857004842658,-12.785394570515784,2.58888485,0.0003127,2.58857215,0.2126708984375,0.2998046875,0.3,-5986.489237655274,-8679.396771088468,-6.14293977096383,87584.34983737634,81597.86059972105
40,2,75,all_nodes,most_delayed,10,20,1.0,122978448.45,122722215.5,397.08265855222294,62.05734820599578,4.01736195,0.00082635,4.0165356,0.65498046875,0.099609375,1.0,28878.608483344044,27400.906956089515,31.274064699792536,61229.58991687287,90108.19840021692
40,2,75,all_nodes,most_delayed,30,20,1.0,70117460.35,67451426.0,83.11706210610421,35.247965260295956,4.01736195,0.0009140499999999999,4.0164479,0.65498046875,0.2998046875,1.0,17779.147705163385,15504.01350997002,21.697950956029125,61229.58991687287,79008.73762203626
40,2,75,all_nodes,random,10,20,1.0,125768156.95,124494842.0,449.9304558974012,63.546413108211574,4.01736195,0.000216,4.017145950000001,0.65498046875,0.099609375,1.0,30391.46558746552,28215.224472358495,32.47742306717613,61229.58991687287,91621.0555043384
40,2,75,all_nodes,random,30,20,1.0,73830262.7,71543474.5,92.2704000986315,37.26413996973438,4.01736195,0.0003127,4.01704925,0.65498046875,0.2998046875,1.0,20368.270682848182,18279.203055841568,24.400249218650863,61229.58991687287,81597.86059972105
40,2,75,anchor_important,most_delayed,10,20,1.0,128058838.4,128989039.0,414.1446913019131,64.72430459727481,4.153055950000001,0.00082635,4.1522296,0.6873046875,0.099609375,1.0,30551.550809287484,29838.077783534856,33.12358707873177,59556.64759092943,90108.19840021692
40,2,75,anchor_important,most_delayed,30,20,1.0,75197850.3,73771595.0,89.43410490645712,37.91492165157498,4.153055950000001,0.0009140499999999999,4.1521419,0.6873046875,0.2998046875,1.0,19452.090031106825,17656.65763049601,23.803546472519706,59556.64759092943,79008.73762203626
40,2,75,anchor_important,random,10,20,1.0,130848546.9,130058786.5,468.69487229313944,66.2133694994906,4.153055950000001,0.000216,4.15283995,0.6873046875,0.099609375,1.0,32064.40791340896,30812.061872189242,34.2986013346131,59556.64759092943,91621.0555043384
40,2,75,anchor_important,random,30,20,1.0,78910652.65,77962681.0,98.91193745404465,39.9310963610134,4.153055950000001,0.0003127,4.15274325,0.6873046875,0.2998046875,1.0,22041.213008791623,20857.79658273889,26.433392388762332,59556.64759092943,81597.86059972105
40,2,75,congestion_important,most_delayed,10,20,1.0,103910165.4,111172705.0,350.7398284291055,55.28409679650743,3.7466756500000002,0.00082635,3.7458493000000006,0.614404296875,0.099609375,1.0,22868.02877569493,22733.305806389086,26.47698478021573,67240.169624522,90108.19840021692
40,2,75,congestion_important,most_delayed,30,20,0.85,51049177.3,67867982.0,66.69997710934453,28.474713850807603,3.7466756500000002,0.0009140499999999999,3.7457616000000002,0.614404296875,0.2998046875,0.8,11768.56799751427,14046.985663702784,16.290404584391624,67240.169624522,79008.73762203626
40,2,75,congestion_important,random,10,20,1.0,106699873.9,112964605.5,400.08069161111234,56.77316169872322,3.7466756500000002,0.000216,3.74645965,0.614404296875,0.099609375,1.0,24380.885879816404,23705.052281443313,27.74723846782815,67240.169624522,91621.0555043384
40,2,75,congestion_important,random,30,20,0.85,54761979.65,71989905.0,75.61960618284384,30.490888560246027,3.7466756500000002,0.0003127,3.7463629500000004,0.614404296875,0.2998046875,0.85,14357.69097519907,16536.080217974653,19.033965629966797,67240.169624522,81597.86059972105
40,4,25,all_nodes,most_delayed,10,20,0.75,25782665.75,46749054.5,35.75646946053115,5.3487089028922155,5.5403745,0.0017452499999999998,5.5386292500000005,0.15302734375,0.099853515625,0.7,485.1420624032668,1674.0035310278545,0.5782928229102879,115836.32455001876,116321.46661242202
40,4,25,all_nodes,most_delayed,30,20,0.0,-106033586.5,-87877888.0,-51.157796096531186,-20.954332554425637,5.5403745,0.00192765,5.53844685,0.15302734375,0.2998046875,0.0,-12258.571708317224,-11983.011467229524,-11.925370542694848,115836.32455001876,103577.75284170153
40,4,25,all_nodes,random,10,20,0.75,34970294.7,53711619.0,54.14155656200675,7.165378517812056,5.5403745,0.0004198,5.5399547,0.15302734375,0.099853515625,0.75,2977.040340135838,3651.5719775998077,2.657488464311551,115836.32455001876,118813.3648901546
40,4,25,all_nodes,random,30,20,0.0,-89080708.25,-68298394.5,-47.038133946721715,-17.619297237320886,5.5403745,0.0006267,5.5397478,0.15302734375,0.2998046875,0.0,-6347.526293393932,-5337.345661145824,-5.934131496533305,115836.32455001876,109488.79825662481
40,4,25,anchor_important,most_delayed,10,20,0.8,30916960.8,49890686.0,44.44286153902452,6.680032532339486,5.6499995499999995,0.0017452499999999998,5.6482543,0.16422119140625,0.099853515625,0.6,801.4540206597237,1168.884866507513,0.9607390609404677,115520.01259176231,116321.46661242202
40,4,25,anchor_important,most_delayed,30,20,0.0,-100899291.45,-83627332.5,-48.01193300568282,-19.623008924978368,5.6499995499999995,0.00192765,5.6480719,0.16422119140625,0.2998046875,0.0,-11942.259750060766,-11692.00924878382,-11.48352663654368,115520.01259176231,103577.75284170153
40,4,25,anchor_important,random,10,20,0.8,40104589.75,57350604.5,64.03905968674171,8.496702147259326,5.6499995499999995,0.0004198,5.64957975,0.16422119140625,0.099853515625,0.8,3293.352298392295,3764.1365838022903,3.032230628796642,115520.01259176231,118813.3648901546
40,4,25,anchor_important,random,30,20,0.0,-83946413.2,-61658804.5,-43.52857262356532,-16.287973607873614,5.6499995499999995,0.0006267,5.649372850000001,0.16422119140625,0.2998046875,0.0,-6031.214335137474,-4911.061387950263,-5.520611157774768,115520.01259176231,109488.79825662481
40,4,25,congestion_important,most_delayed,10,20,0.15,-19294159.7,-30923452.5,-24.70379533690649,-3.5281930448592846,4.9929423,0.0017452499999999998,4.991197049999999,0.08812255859375,0.099853515625,0.1,-2881.179456790728,-3371.1469114454885,-2.3990828068485857,119202.64606921274,116321.46661242202
40,4,25,congestion_important,most_delayed,30,20,0.05,-151110411.95,-160806230.0,-72.95347749770191,-29.831234502177136,4.9929423,0.00192765,4.991014649999999,0.08812255859375,0.2998046875,0.0,-15624.89322751122,-15511.800817574534,-15.28500469408352,119202.64606921274,103577.75284170153
40,4,25,congestion_important,random,10,20,0.25,-10106530.75,-22345696.0,-13.703895580720825,-1.7115234299394444,4.9929423,0.0004198,4.9925225,0.08812255859375,0.099853515625,0.25,-389.2811790581567,-931.5993006033095,-0.2694817010200317,119202.64606921274,118813.3648901546
40,4,25,congestion_important,random,30,20,0.05,-134157533.7,-150237504.0,-70.36127040328674,-26.496199185072385,4.9929423,0.0006267,4.9923155999999995,0.08812255859375,0.2998046875,0.05,-9713.847812587926,-9792.722896512365,-9.161417291991425,119202.64606921274,109488.79825662481
40,4,50,all_nodes,most_delayed,10,20,1.0,184997898.1,182881838.5,250.676559936276,36.76912667103612,8.29194185,0.0017452499999999998,8.2901966,0.41033935546875,0.099853515625,1.0,15049.921652977477,14879.674445365308,13.15287924779253,101271.54495944455,116321.46661242202
40,4,50,all_nodes,most_delayed,30,20,1.0,53181645.85,49970363.0,25.685209871368308,10.46608521371827,8.29194185,0.00192765,8.2900142,0.41033935546875,0.2998046875,0.85,2306.207882256987,1780.5683525188797,2.276322184793556,101271.54495944455,103577.75284170153
40,4,50,all_nodes,random,10,20,1.0,194185527.05,193015352.0,301.1153024035923,38.585796285955965,8.29194185,0.0004198,8.291522050000001,0.41033935546875,0.099853515625,1.0,17541.81993071005,17359.375837246764,14.967672656750292,101271.54495944455,118813.3648901546
40,4,50,all_nodes,random,30,20,1.0,70134524.1,72753888.0,36.97832536596171,13.801120530823022,8.29194185,0.0006267,8.291315149999999,0.41033935546875,0.2998046875,1.0,8217.25329718028,7828.001558321404,7.504671592390419,101271.54495944455,109488.79825662481
40,4,50,anchor_important,most_delayed,10,20,1.0,197350646.95,197627762.0,267.477122398472,39.294748076844854,8.5248045,0.0017452499999999998,8.52305925,0.433447265625,0.099853515625,1.0,16421.23906920044,15912.146385707383,14.372714202228986,99900.22754322158,116321.46661242202
40,4,50,anchor_important,most_delayed,30,20,1.0,65534394.7,63996143.0,31.754357476689,12.991706619527,8.5248045,0.00192765,8.52287685,0.433447265625,0.2998046875,0.95,3677.525298479951,3798.368456742872,3.667744313601932,99900.22754322158,103577.75284170153
40,4,50,anchor_important,random,10,20,1.0,206538275.9,204379321.5,320.1263826010485,41.11141769176469,8.5248045,0.0004198,8.5243847,0.433447265625,0.099853515625,1.0,18913.137346933014,17845.43925648935,16.163328578843064,99900.22754322158,118813.3648901546
40,4,50,anchor_important,random,30,20,1.0,82487272.95,81970004.5,43.5452394807109,16.326741936631755,8.5248045,0.0006267,8.5241778,0.433447265625,0.2998046875,1.0,9588.570713403244,9176.002957555356,8.823953095474396,99900.22754322158,109488.79825662481
40,4,50,congestion_important,most_delayed,10,20,0.9,155000115.85,180995831.0,215.0179897832364,31.31487312843359,8.04969825,0.0017452499999999998,8.047953,0.38206787109375,0.099853515625,0.85,11268.300098840129,10741.10451422663,10.180547725869566,105053.1665135819,116321.46661242202
40,4,50,congestion_important,most_delayed,30,20,0.55,23183863.6,52668906.5,12.4932818064112,5.011831671115738,8.04969825,0.00192765,8.0477706,0.38206787109375,0.2998046875,0.45,-1475.4136718803607,-2176.9886373227855,-1.104381651266674,105053.1665135819,103577.75284170153
40,4,50,congestion_important,random,10,20,0.9,164187744.8,187812067.5,259.9749816572539,33.13154274335343,8.04969825,0.0004198,8.04927845,0.38206787109375,0.099853515625,0.9,13760.198376572702,14718.028842949156,12.069160962561709,105053.1665135819,118813.3648901546
40,4,50,congestion_important,random,30,20,0.6,40136741.85,67444954.5,22.61946331870322,8.346866988220492,8.04969825,0.0006267,8.04907155,0.38206787109375,0.2998046875,0.65,4435.631743042932,5481.741238092618,4.338783184146765,105053.1665135819,109488.79825662481
40,4,75,all_nodes,most_delayed,10,20,1.0,323604202.5,325721748.0,438.7070749297536,64.25082602532648,11.05102095,0.0017452499999999998,11.049275699999999,0.66953125,0.099853515625,1.0,38310.60589026841,38935.345685665445,32.888709467146626,78010.86072215361,116321.46661242202
40,4,75,all_nodes,most_delayed,30,20,1.0,191787950.25,192672467.0,92.96107776943236,37.94778456800863,11.05102095,0.00192765,11.0490933,0.66953125,0.2998046875,1.0,25566.89211954792,26467.86053576741,24.464634455355558,78010.86072215361,103577.75284170153
40,4,75,all_nodes,random,10,20,1.0,332791831.45,335186662.5,516.4480619223041,66.06749564024632,11.05102095,0.0004198,11.05060115,0.66953125,0.099853515625,1.0,40802.50416800098,41670.78841877314,34.288651326754184,78010.86072215361,118813.3648901546
40,4,75,all_nodes,random,30,20,1.0,208740828.5,215265510.0,110.38152974214138,41.282819885113376,11.05102095,0.0006267,11.05039425,0.66953125,0.2998046875,1.0,31477.93753447121,34892.02413663175,28.478901182020298,78010.86072215361,109488.79825662481
40,4,75,anchor_important,most_delayed,10,20,1.0,331961499.75,331197696.5,450.0450338109425,65.94950871737123,11.2751371,0.0017452499999999998,11.27339185,0.68939208984375,0.099853515625,1.0,40071.13930123039,40921.780084252925,34.40390046073918,76250.32731119164,116321.46661242202
40,4,75,anchor_important,most_delayed,30,20,1.0,200145247.5,199536686.0,97.0573224488329,39.64646726005337,11.2751371,0.00192765,11.27320945,0.68939208984375,0.2998046875,1.0,27327.425530509896,28843.419417346406,26.176056752893153,76250.32731119164,103577.75284170153
40,4,75,anchor_important,random,10,20,1.0,341149128.7,339903680.0,529.3097952267507,67.76617833229105,11.2751371,0.0004198,11.2747173,0.68939208984375,0.099853515625,1.0,42563.037578962954,43535.04159849674,35.77283687977364,76250.32731119164,118813.3648901546
40,4,75,anchor_important,random,30,20,1.0,217098125.75,221421064.0,114.81942465335437,42.98150257715812,11.2751371,0.0006267,11.2745104,0.68939208984375,0.2998046875,1.0,33238.47094543318,35904.0202638817,30.09830462665628,76250.32731119164,109488.79825662481
40,4,75,congestion_important,most_delayed,10,20,1.0,354488624.5,354794332.0,481.27697110110904,70.49322975192189,11.41618345,0.0017452499999999998,11.414438200000001,0.7521240234375,0.099853515625,1.0,43610.443055044554,44400.48387759945,37.42750672828968,72711.02355737747,116321.46661242202
40,4,75,congestion_important,most_delayed,30,20,1.0,222672372.25,219683838.0,108.19025398452331,44.19018829460403,11.41618345,0.00192765,11.414255800000001,0.7521240234375,0.2998046875,1.0,30866.72928432406,29147.453488077495,29.540911674743114,72711.02355737747,103577.75284170153
40,4,75,congestion_important,random,10,20,1.0,363676253.45,364715948.0,565.4186888422776,72.30989936684173,11.41618345,0.0004198,11.415763649999999,0.7521240234375,0.099853515625,1.0,46102.34133277713,47714.25808427154,38.73317782561743,72711.02355737747,118813.3648901546
40,4,75,congestion_important,random,30,20,1.0,239625250.5,240706209.5,126.99778366695621,47.52522361170878,11.41618345,0.0006267,11.41555675,0.7521240234375,0.2998046875,1.0,36777.774699247355,38727.04801710363,33.30040801442006,72711.02355737747,109488.79825662481
