dataset,hop,rep,seed,query_count,selection_method,selection_fraction,random_seed,selected_count,total_before,unselected_after_remove,reduction,select_sec,evaluate_remaining_sec
Hop10Rep1-0,10,1,0,1024,random,10,0,102,27030182,23597504,3432678,0.000114,0.398577
Hop10Rep1-0,10,1,0,1024,random,30,0,307,27030182,17047718,9982464,0.000172,0.254342
Hop10Rep1-0,10,1,0,1024,most_delayed,10,0,102,27030182,22685911,4344271,0.0004,0.376296
Hop10Rep1-0,10,1,0,1024,most_delayed,30,0,307,27030182,15461236,11568946,0.000446,0.241989
Hop10Rep1-1,10,1,1,1024,random,10,0,102,16105706,13652176,2453530,0.000113,0.212475
Hop10Rep1-1,10,1,1,1024,random,30,0,307,16105706,9093820,7011886,0.000168,0.133509
Hop10Rep1-1,10,1,1,1024,most_delayed,10,0,102,16105706,12462911,3642795,0.000391,0.187142
Hop10Rep1-1,10,1,1,1024,most_delayed,30,0,307,16105706,7656264,8449442,0.000439,0.109525
Hop10Rep1-2,10,1,2,1024,random,10,0,102,29257903,24686023,4571880,0.000113,0.497084
Hop10Rep1-2,10,1,2,1024,random,30,0,307,29257903,16774389,12483514,0.000172,0.269625
Hop10Rep1-2,10,1,2,1024,most_delayed,10,0,102,29257903,23229914,6027989,0.000414,0.434265
Hop10Rep1-2,10,1,2,1024,most_delayed,30,0,307,29257903,13843612,15414291,0.000447,0.21798
Hop10Rep1-3,10,1,3,1024,random,10,0,102,15903591,13830318,2073273,0.000115,0.224138
Hop10Rep1-3,10,1,3,1024,random,30,0,307,15903591,9510076,6393515,0.000169,0.136492
Hop10Rep1-3,10,1,3,1024,most_delayed,10,0,102,15903591,12192577,3711014,0.000411,0.193938
Hop10Rep1-3,10,1,3,1024,most_delayed,30,0,307,15903591,6913227,8990364,0.000453,0.087392
Hop10Rep1-4,10,1,4,1024,random,10,0,102,22706139,19435863,3270276,0.000115,0.250845
Hop10Rep1-4,10,1,4,1024,random,30,0,307,22706139,13222588,9483551,0.000169,0.150797
Hop10Rep1-4,10,1,4,1024,most_delayed,10,0,102,22706139,17800088,4906051,0.000413,0.227237
Hop10Rep1-4,10,1,4,1024,most_delayed,30,0,307,22706139,10425947,12280192,0.000462,0.125598
Hop10Rep1-5,10,1,5,1024,random,10,0,102,18340040,15051085,3288955,0.000129,0.255687
Hop10Rep1-5,10,1,5,1024,random,30,0,307,18340040,10494242,7845798,0.000168,0.160401
Hop10Rep1-5,10,1,5,1024,most_delayed,10,0,102,18340040,14352663,3987377,0.000404,0.230809
Hop10Rep1-5,10,1,5,1024,most_delayed,30,0,307,18340040,8685463,9654577,0.000454,0.129927
Hop10Rep1-6,10,1,6,1024,random,10,0,102,14713545,12355278,2358267,0.000112,0.187273
Hop10Rep1-6,10,1,6,1024,random,30,0,307,14713545,8058228,6655317,0.00017,0.11412
Hop10Rep1-6,10,1,6,1024,most_delayed,10,0,102,14713545,11522659,3190886,0.000424,0.16663
Hop10Rep1-6,10,1,6,1024,most_delayed,30,0,307,14713545,6946503,7767042,0.000432,0.098348
Hop10Rep1-7,10,1,7,1024,random,10,0,102,29930878,25690518,4240360,0.000112,0.439156
Hop10Rep1-7,10,1,7,1024,random,30,0,307,29930878,18314495,11616383,0.000171,0.267587
Hop10Rep1-7,10,1,7,1024,most_delayed,10,0,102,29930878,24522274,5408604,0.000399,0.40419
Hop10Rep1-7,10,1,7,1024,most_delayed,30,0,307,29930878,16092697,13838181,0.000452,0.243141
Hop10Rep1-8,10,1,8,1024,random,10,0,102,23006298,19406514,3599784,0.000112,0.285074
Hop10Rep1-8,10,1,8,1024,random,30,0,307,23006298,12996299,10009999,0.000168,0.177773
Hop10Rep1-8,10,1,8,1024,most_delayed,10,0,102,23006298,18385117,4621181,0.000396,0.2689
Hop10Rep1-8,10,1,8,1024,most_delayed,30,0,307,23006298,11507325,11498973,0.000447,0.156304
Hop10Rep1-9,10,1,9,1024,random,10,0,102,28055401,24258517,3796884,0.000114,0.41947
Hop10Rep1-9,10,1,9,1024,random,30,0,307,28055401,16168672,11886729,0.00017,0.231944
Hop10Rep1-9,10,1,9,1024,most_delayed,10,0,102,28055401,22877747,5177654,0.000396,0.392555
Hop10Rep1-9,10,1,9,1024,most_delayed,30,0,307,28055401,14550705,13504696,0.000445,0.216599
Hop10Rep1-10,10,1,10,1024,random,10,0,102,17077467,14449300,2628167,0.000114,0.229114
Hop10Rep1-10,10,1,10,1024,random,30,0,307,17077467,9979688,7097779,0.00017,0.143374
Hop10Rep1-10,10,1,10,1024,most_delayed,10,0,102,17077467,13508132,3569335,0.000398,0.205092
Hop10Rep1-10,10,1,10,1024,most_delayed,30,0,307,17077467,8541306,8536161,0.000442,0.124694
Hop10Rep1-11,10,1,11,1024,random,10,0,102,23999457,19973439,4026018,0.000116,0.346807
Hop10Rep1-11,10,1,11,1024,random,30,0,307,23999457,12917565,11081892,0.000171,0.216063
Hop10Rep1-11,10,1,11,1024,most_delayed,10,0,102,23999457,19137423,4862034,0.000422,0.326956
Hop10Rep1-11,10,1,11,1024,most_delayed,30,0,307,23999457,11771443,12228014,0.000449,0.195862
Hop10Rep1-12,10,1,12,1024,random,10,0,102,18957851,15908772,3049079,0.000115,0.259179
Hop10Rep1-12,10,1,12,1024,random,30,0,307,18957851,10334629,8623222,0.000169,0.155316
Hop10Rep1-12,10,1,12,1024,most_delayed,10,0,102,18957851,14851518,4106333,0.000395,0.234015
Hop10Rep1-12,10,1,12,1024,most_delayed,30,0,307,18957851,9344593,9613258,0.000445,0.131389
Hop10Rep1-13,10,1,13,1024,random,10,0,102,14008382,11797236,2211146,0.000113,0.174038
Hop10Rep1-13,10,1,13,1024,random,30,0,307,14008382,8053806,5954576,0.000166,0.116344
Hop10Rep1-13,10,1,13,1024,most_delayed,10,0,102,14008382,10581847,3426535,0.000437,0.153201
Hop10Rep1-13,10,1,13,1024,most_delayed,30,0,307,14008382,6101022,7907360,0.000444,0.079574
Hop10Rep1-14,10,1,14,1024,random,10,0,102,19923136,16763313,3159823,0.000113,0.265143
Hop10Rep1-14,10,1,14,1024,random,30,0,307,19923136,11356025,8567111,0.000168,0.168634
Hop10Rep1-14,10,1,14,1024,most_delayed,10,0,102,19923136,15599661,4323475,0.000413,0.239464
Hop10Rep1-14,10,1,14,1024,most_delayed,30,0,307,19923136,9710711,10212425,0.000447,0.136889
Hop10Rep1-15,10,1,15,1024,random,10,0,102,19115140,16251408,2863732,0.000114,0.270895
Hop10Rep1-15,10,1,15,1024,random,30,0,307,19115140,10748740,8366400,0.000168,0.160508
Hop10Rep1-15,10,1,15,1024,most_delayed,10,0,102,19115140,15169516,3945624,0.000405,0.238754
Hop10Rep1-15,10,1,15,1024,most_delayed,30,0,307,19115140,9543189,9571951,0.000447,0.137502
Hop10Rep1-16,10,1,16,1024,random,10,0,102,15597648,13355937,2241711,0.000113,0.203494
Hop10Rep1-16,10,1,16,1024,random,30,0,307,15597648,9234232,6363416,0.000168,0.128742
Hop10Rep1-16,10,1,16,1024,most_delayed,10,0,102,15597648,12383682,3213966,0.000394,0.187479
Hop10Rep1-16,10,1,16,1024,most_delayed,30,0,307,15597648,7712555,7885093,0.000444,0.109133
Hop10Rep1-17,10,1,17,1024,random,10,0,102,24413857,21415709,2998148,0.000114,0.369945
Hop10Rep1-17,10,1,17,1024,random,30,0,307,24413857,15539974,8873883,0.000171,0.235472
Hop10Rep1-17,10,1,17,1024,most_delayed,10,0,102,24413857,20179153,4234704,0.000401,0.337046
Hop10Rep1-17,10,1,17,1024,most_delayed,30,0,307,24413857,13465190,10948667,0.000444,0.193015
Hop10Rep1-18,10,1,18,1024,random,10,0,102,25970157,22549357,3420800,0.000115,0.461653
Hop10Rep1-18,10,1,18,1024,random,30,0,307,25970157,16229094,9741063,0.000169,0.288301
Hop10Rep1-18,10,1,18,1024,most_delayed,10,0,102,25970157,20998460,4971697,0.000403,0.457213
Hop10Rep1-18,10,1,18,1024,most_delayed,30,0,307,25970157,13212114,12758043,0.000454,0.294901
Hop10Rep1-19,10,1,19,1024,random,10,0,102,18471203,15638985,2832218,0.000113,0.211139
Hop10Rep1-19,10,1,19,1024,random,30,0,307,18471203,10860253,7610950,0.000168,0.129666
Hop10Rep1-19,10,1,19,1024,most_delayed,10,0,102,18471203,14903075,3568128,0.000393,0.205076
Hop10Rep1-19,10,1,19,1024,most_delayed,30,0,307,18471203,9503007,8968196,0.000436,0.124354
Hop10Rep2-0,10,2,0,2048,random,10,0,204,66208060,58162282,8045778,0.000219,1.194897
Hop10Rep2-0,10,2,0,2048,random,30,0,614,66208060,41781281,24426779,0.000307,0.796493
Hop10Rep2-0,10,2,0,2048,most_delayed,10,0,204,66208060,55059960,11148100,0.000871,1.154182
Hop10Rep2-0,10,2,0,2048,most_delayed,30,0,614,66208060,37854421,28353639,0.000913,0.791843
Hop10Rep2-1,10,2,1,2048,random,10,0,204,48635891,41493603,7142288,0.000215,0.817471
Hop10Rep2-1,10,2,1,2048,random,30,0,614,48635891,28078325,20557566,0.000309,0.490522
Hop10Rep2-1,10,2,1,2048,most_delayed,10,0,204,48635891,38186047,10449844,0.000817,0.673856
Hop10Rep2-1,10,2,1,2048,most_delayed,30,0,614,48635891,23206241,25429650,0.000915,0.363677
Hop10Rep2-2,10,2,2,2048,random,10,0,204,76065730,66618934,9446796,0.000219,1.645252
Hop10Rep2-2,10,2,2,2048,random,30,0,614,76065730,47606285,28459445,0.000307,1.056869
Hop10Rep2-2,10,2,2,2048,most_delayed,10,0,204,76065730,61301422,14764308,0.000858,1.46587
Hop10Rep2-2,10,2,2,2048,most_delayed,30,0,614,76065730,38408192,37657538,0.000976,0.79882
Hop10Rep2-3,10,2,3,2048,random,10,0,204,40823735,35626628,5197107,0.000225,0.912392
Hop10Rep2-3,10,2,3,2048,random,30,0,614,40823735,25333704,15490031,0.000306,0.536201
Hop10Rep2-3,10,2,3,2048,most_delayed,10,0,204,40823735,31958562,8865173,0.000837,0.728823
Hop10Rep2-3,10,2,3,2048,most_delayed,30,0,614,40823735,18924924,21898811,0.000912,0.312247
Hop10Rep2-4,10,2,4,2048,random,10,0,204,56344634,49924581,6420053,0.000215,0.869222
Hop10Rep2-4,10,2,4,2048,random,30,0,614,56344634,35579249,20765385,0.000314,0.585072
Hop10Rep2-4,10,2,4,2048,most_delayed,10,0,204,56344634,45793098,10551536,0.000843,0.806432
Hop10Rep2-4,10,2,4,2048,most_delayed,30,0,614,56344634,28855400,27489234,0.000949,0.422291
Hop10Rep2-5,10,2,5,2048,random,10,0,204,50861935,43573548,7288387,0.000217,0.942634
Hop10Rep2-5,10,2,5,2048,random,30,0,614,50861935,30254257,20607678,0.000309,0.566725
Hop10Rep2-5,10,2,5,2048,most_delayed,10,0,204,50861935,40704095,10157840,0.000815,0.832752
Hop10Rep2-5,10,2,5,2048,most_delayed,30,0,614,50861935,24770848,26091087,0.000913,0.453866
Hop10Rep2-6,10,2,6,2048,random,10,0,204,47806481,41204745,6601736,0.000217,0.73115
Hop10Rep2-6,10,2,6,2048,random,30,0,614,47806481,27757331,20049150,0.000311,0.446323
Hop10Rep2-6,10,2,6,2048,most_delayed,10,0,204,47806481,38439566,9366915,0.000844,0.675179
Hop10Rep2-6,10,2,6,2048,most_delayed,30,0,614,47806481,23761297,24045184,0.000905,0.370766
Hop10Rep2-7,10,2,7,2048,random,10,0,204,74090852,65214870,8875982,0.000215,1.649557
Hop10Rep2-7,10,2,7,2048,random,30,0,614,74090852,47209515,26881337,0.000308,0.992052
Hop10Rep2-7,10,2,7,2048,most_delayed,10,0,204,74090852,61444439,12646413,0.000812,1.52334
Hop10Rep2-7,10,2,7,2048,most_delayed,30,0,614,74090852,40781655,33309197,0.000915,0.899304
Hop10Rep2-8,10,2,8,2048,random,10,0,204,71464715,61589723,9874992,0.000214,0.979378
Hop10Rep2-8,10,2,8,2048,random,30,0,614,71464715,42573689,28891026,0.000307,0.632299
Hop10Rep2-8,10,2,8,2048,most_delayed,10,0,204,71464715,57870478,13594237,0.000824,0.937721
Hop10Rep2-8,10,2,8,2048,most_delayed,30,0,614,71464715,36367482,35097233,0.000912,0.577595
Hop10Rep2-9,10,2,9,2048,random,10,0,204,68615912,60519685,8096227,0.00022,1.687367
Hop10Rep2-9,10,2,9,2048,random,30,0,614,68615912,44323851,24292061,0.000305,1.042192
Hop10Rep2-9,10,2,9,2048,most_delayed,10,0,204,68615912,56632153,11983759,0.000818,1.479733
Hop10Rep2-9,10,2,9,2048,most_delayed,30,0,614,68615912,36570526,32045386,0.000967,0.739581
Hop10Rep2-10,10,2,10,2048,random,10,0,204,51539662,44243482,7296180,0.000215,0.80581
Hop10Rep2-10,10,2,10,2048,random,30,0,614,51539662,29586335,21953327,0.000309,0.53269
Hop10Rep2-10,10,2,10,2048,most_delayed,10,0,204,51539662,40938815,10600847,0.000813,0.708433
Hop10Rep2-10,10,2,10,2048,most_delayed,30,0,614,51539662,25525104,26014558,0.000902,0.405422
Hop10Rep2-11,10,2,11,2048,random,10,0,204,64393471,56864145,7529326,0.000215,1.317302
Hop10Rep2-11,10,2,11,2048,random,30,0,614,64393471,40674530,23718941,0.000305,0.848341
Hop10Rep2-11,10,2,11,2048,most_delayed,10,0,204,64393471,52920007,11473464,0.000823,1.165218
Hop10Rep2-11,10,2,11,2048,most_delayed,30,0,614,64393471,33550944,30842527,0.000918,0.631565
Hop10Rep2-12,10,2,12,2048,random,10,0,204,56746946,49449228,7297718,0.000221,1.047563
Hop10Rep2-12,10,2,12,2048,random,30,0,614,56746946,33338976,23407970,0.000307,0.672212
Hop10Rep2-12,10,2,12,2048,most_delayed,10,0,204,56746946,45210596,11536350,0.000867,0.970526
Hop10Rep2-12,10,2,12,2048,most_delayed,30,0,614,56746946,28709601,28037345,0.000931,0.547759
Hop10Rep2-13,10,2,13,2048,random,10,0,204,41686472,35757770,5928702,0.000217,0.640295
Hop10Rep2-13,10,2,13,2048,random,30,0,614,41686472,24100067,17586405,0.000309,0.386447
Hop10Rep2-13,10,2,13,2048,most_delayed,10,0,204,41686472,32062228,9624244,0.000821,0.57251
Hop10Rep2-13,10,2,13,2048,most_delayed,30,0,614,41686472,18741531,22944941,0.000925,0.296445
Hop10Rep2-14,10,2,14,2048,random,10,0,204,55704154,48623535,7080619,0.000216,1.008086
Hop10Rep2-14,10,2,14,2048,random,30,0,614,55704154,33724537,21979617,0.00031,0.616981
Hop10Rep2-14,10,2,14,2048,most_delayed,10,0,204,55704154,44882111,10822043,0.000833,0.892688
Hop10Rep2-14,10,2,14,2048,most_delayed,30,0,614,55704154,28281814,27422340,0.000918,0.50873
Hop10Rep2-15,10,2,15,2048,random,10,0,204,55647682,48471214,7176468,0.000217,1.091207
Hop10Rep2-15,10,2,15,2048,random,30,0,614,55647682,33794907,21852775,0.000305,0.634726
Hop10Rep2-15,10,2,15,2048,most_delayed,10,0,204,55647682,45516463,10131219,0.000822,0.988279
Hop10Rep2-15,10,2,15,2048,most_delayed,30,0,614,55647682,28834736,26812946,0.000911,0.509449
Hop10Rep2-16,10,2,16,2048,random,10,0,204,45665750,39043265,6622485,0.000215,0.686599
Hop10Rep2-16,10,2,16,2048,random,30,0,614,45665750,26420338,19245412,0.000306,0.437774
Hop10Rep2-16,10,2,16,2048,most_delayed,10,0,204,45665750,36024218,9641532,0.000818,0.620915
Hop10Rep2-16,10,2,16,2048,most_delayed,30,0,614,45665750,21779286,23886464,0.000915,0.365829
Hop10Rep2-17,10,2,17,2048,random,10,0,204,59422284,52030379,7391905,0.000215,1.144133
Hop10Rep2-17,10,2,17,2048,random,30,0,614,59422284,37240103,22182181,0.000307,0.746074
Hop10Rep2-17,10,2,17,2048,most_delayed,10,0,204,59422284,49094617,10327667,0.000823,1.047286
Hop10Rep2-17,10,2,17,2048,most_delayed,30,0,614,59422284,32291681,27130603,0.000915,0.607578
Hop10Rep2-18,10,2,18,2048,random,10,0,204,60658557,53378227,7280330,0.000216,1.444728
Hop10Rep2-18,10,2,18,2048,random,30,0,614,60658557,39402892,21255665,0.000308,1.007813
Hop10Rep2-18,10,2,18,2048,most_delayed,10,0,204,60658557,49470811,11187746,0.000824,1.369803
Hop10Rep2-18,10,2,18,2048,most_delayed,30,0,614,60658557,31508698,29149859,0.000909,0.853556
Hop10Rep2-19,10,2,19,2048,random,10,0,204,54909824,46948062,7961762,0.000217,0.832927
Hop10Rep2-19,10,2,19,2048,random,30,0,614,54909824,31258512,23651312,0.00031,0.499373
Hop10Rep2-19,10,2,19,2048,most_delayed,10,0,204,54909824,44687227,10222597,0.00081,0.816163
Hop10Rep2-19,10,2,19,2048,most_delayed,30,0,614,54909824,28183042,26726782,0.000901,0.461223
Hop10Rep4-0,10,4,0,4096,random,10,0,409,162588845,142221534,20367311,0.000425,3.151371
Hop10Rep4-0,10,4,0,4096,random,30,0,1228,162588845,103575840,59013005,0.000616,2.351877
Hop10Rep4-0,10,4,0,4096,most_delayed,10,0,409,162588845,132504377,30084468,0.001791,3.002077
Hop10Rep4-0,10,4,0,4096,most_delayed,30,0,1228,162588845,89562649,73026196,0.002003,2.017417
Hop10Rep4-1,10,4,1,4096,random,10,0,409,122760369,108015286,14745083,0.000416,2.411358
Hop10Rep4-1,10,4,1,4096,random,30,0,1228,122760369,77074682,45685687,0.000614,1.647873
Hop10Rep4-1,10,4,1,4096,most_delayed,10,0,409,122760369,100630733,22129636,0.001711,2.182184
Hop10Rep4-1,10,4,1,4096,most_delayed,30,0,1228,122760369,64792295,57968074,0.002007,1.208882
Hop10Rep4-2,10,4,2,4096,random,10,0,409,164917060,147405822,17511238,0.000417,3.782492
Hop10Rep4-2,10,4,2,4096,random,30,0,1228,164917060,112508352,52408708,0.000614,2.744064
Hop10Rep4-2,10,4,2,4096,most_delayed,10,0,409,164917060,135518449,29398611,0.001717,3.52209
Hop10Rep4-2,10,4,2,4096,most_delayed,30,0,1228,164917060,87465114,77451946,0.00203,2.118366
Hop10Rep4-3,10,4,3,4096,random,10,0,409,93285194,82903673,10381521,0.00042,2.223758
Hop10Rep4-3,10,4,3,4096,random,30,0,1228,93285194,62128249,31156945,0.000616,1.717983
Hop10Rep4-3,10,4,3,4096,most_delayed,10,0,409,93285194,74923965,18361229,0.001731,1.92352
Hop10Rep4-3,10,4,3,4096,most_delayed,30,0,1228,93285194,45915467,47369727,0.001925,1.019962
Hop10Rep4-4,10,4,4,4096,random,10,0,409,125720190,111519920,14200270,0.000423,2.260218
Hop10Rep4-4,10,4,4,4096,random,30,0,1228,125720190,83600266,42119924,0.000613,1.671915
Hop10Rep4-4,10,4,4,4096,most_delayed,10,0,409,125720190,103605704,22114486,0.001707,2.130176
Hop10Rep4-4,10,4,4,4096,most_delayed,30,0,1228,125720190,67905074,57815116,0.001884,1.259686
Hop10Rep4-5,10,4,5,4096,random,10,0,409,118448873,104905536,13543337,0.000418,2.550296
Hop10Rep4-5,10,4,5,4096,random,30,0,1228,118448873,78429628,40019245,0.00062,1.82196
Hop10Rep4-5,10,4,5,4096,most_delayed,10,0,409,118448873,97098722,21350151,0.00177,2.300341
Hop10Rep4-5,10,4,5,4096,most_delayed,30,0,1228,118448873,62694798,55754075,0.00189,1.326576
Hop10Rep4-6,10,4,6,4096,random,10,0,409,115757936,101984545,13773391,0.000419,2.217537
Hop10Rep4-6,10,4,6,4096,random,30,0,1228,115757936,75175619,40582317,0.000613,1.519327
Hop10Rep4-6,10,4,6,4096,most_delayed,10,0,409,115757936,95042854,20715082,0.001716,2.061121
Hop10Rep4-6,10,4,6,4096,most_delayed,30,0,1228,115757936,62225001,53532935,0.001891,1.281259
Hop10Rep4-7,10,4,7,4096,random,10,0,409,166413531,148172070,18241461,0.000418,3.987007
Hop10Rep4-7,10,4,7,4096,random,30,0,1228,166413531,111786159,54627372,0.000613,2.993064
Hop10Rep4-7,10,4,7,4096,most_delayed,10,0,409,166413531,140107160,26306371,0.001777,3.659397
Hop10Rep4-7,10,4,7,4096,most_delayed,30,0,1228,166413531,95640177,70773354,0.001909,2.392286
Hop10Rep4-8,10,4,8,4096,random,10,0,409,161756694,143571668,18185026,0.000424,2.646003
Hop10Rep4-8,10,4,8,4096,random,30,0,1228,161756694,107349376,54407318,0.000614,1.908796
Hop10Rep4-8,10,4,8,4096,most_delayed,10,0,409,161756694,134367518,27389176,0.001814,2.562099
Hop10Rep4-8,10,4,8,4096,most_delayed,30,0,1228,161756694,89015843,72740851,0.001887,1.7196
Hop10Rep4-9,10,4,9,4096,random,10,0,409,153390208,136521718,16868490,0.000418,4.169122
Hop10Rep4-9,10,4,9,4096,random,30,0,1228,153390208,103197932,50192276,0.000619,3.200728
Hop10Rep4-9,10,4,9,4096,most_delayed,10,0,409,153390208,127024990,26365218,0.001714,3.690456
Hop10Rep4-9,10,4,9,4096,most_delayed,30,0,1228,153390208,84334143,69056065,0.001899,2.214204
Hop10Rep4-10,10,4,10,4096,random,10,0,409,133507556,115979655,17527901,0.000425,2.587149
Hop10Rep4-10,10,4,10,4096,random,30,0,1228,133507556,82027409,51480147,0.000619,1.700588
Hop10Rep4-10,10,4,10,4096,most_delayed,10,0,409,133507556,111048389,22459167,0.001816,2.472094
Hop10Rep4-10,10,4,10,4096,most_delayed,30,0,1228,133507556,72947299,60560257,0.001922,1.493461
Hop10Rep4-11,10,4,11,4096,random,10,0,409,140280422,124645091,15635331,0.00042,3.598582
Hop10Rep4-11,10,4,11,4096,random,30,0,1228,140280422,94757782,45522640,0.000619,2.570416
Hop10Rep4-11,10,4,11,4096,most_delayed,10,0,409,140280422,116832263,23448159,0.001701,3.304375
Hop10Rep4-11,10,4,11,4096,most_delayed,30,0,1228,140280422,77945308,62335114,0.001907,1.938446
Hop10Rep4-12,10,4,12,4096,random,10,0,409,135147084,118766614,16380470,0.000417,2.861598
Hop10Rep4-12,10,4,12,4096,random,30,0,1228,135147084,87503899,47643185,0.000614,2.03331
Hop10Rep4-12,10,4,12,4096,most_delayed,10,0,409,135147084,110330975,24816109,0.001707,2.671852
Hop10Rep4-12,10,4,12,4096,most_delayed,30,0,1228,135147084,71951984,63195100,0.001882,1.700092
Hop10Rep4-13,10,4,13,4096,random,10,0,409,104258475,91814858,12443617,0.000417,1.995179
Hop10Rep4-13,10,4,13,4096,random,30,0,1228,104258475,68031964,36226511,0.000619,1.442946
Hop10Rep4-13,10,4,13,4096,most_delayed,10,0,409,104258475,83431616,20826859,0.001717,1.818927
Hop10Rep4-13,10,4,13,4096,most_delayed,30,0,1228,104258475,51780916,52477559,0.001908,1.009903
Hop10Rep4-14,10,4,14,4096,random,10,0,409,133324465,117702617,15621848,0.00042,2.917101
Hop10Rep4-14,10,4,14,4096,random,30,0,1228,133324465,86758250,46566215,0.00062,2.10447
Hop10Rep4-14,10,4,14,4096,most_delayed,10,0,409,133324465,109879281,23445184,0.001762,2.63885
Hop10Rep4-14,10,4,14,4096,most_delayed,30,0,1228,133324465,72458232,60866233,0.001914,1.616265
Hop10Rep4-15,10,4,15,4096,random,10,0,409,132597653,117312113,15285540,0.000416,3.70431
Hop10Rep4-15,10,4,15,4096,random,30,0,1228,132597653,86446439,46151214,0.000619,2.434537
Hop10Rep4-15,10,4,15,4096,most_delayed,10,0,409,132597653,110514105,22083548,0.00184,3.415561
Hop10Rep4-15,10,4,15,4096,most_delayed,30,0,1228,132597653,73719491,58878162,0.00205,1.902782
Hop10Rep4-16,10,4,16,4096,random,10,0,409,113649022,99244457,14404565,0.000425,2.224387
Hop10Rep4-16,10,4,16,4096,random,30,0,1228,113649022,72931927,40717095,0.000621,1.445754
Hop10Rep4-16,10,4,16,4096,most_delayed,10,0,409,113649022,93027079,20621943,0.001849,2.064193
Hop10Rep4-16,10,4,16,4096,most_delayed,30,0,1228,113649022,59098376,54550646,0.00206,1.128216
Hop10Rep4-17,10,4,17,4096,random,10,0,409,144229318,126165638,18063680,0.000419,2.897808
Hop10Rep4-17,10,4,17,4096,random,30,0,1228,144229318,93010082,51219236,0.000614,2.180871
Hop10Rep4-17,10,4,17,4096,most_delayed,10,0,409,144229318,118220050,26009268,0.001837,2.733763
Hop10Rep4-17,10,4,17,4096,most_delayed,30,0,1228,144229318,78198841,66030477,0.002026,1.821958
Hop10Rep4-18,10,4,18,4096,random,10,0,409,129989088,116374766,13614322,0.000423,3.253263
Hop10Rep4-18,10,4,18,4096,random,30,0,1228,129989088,88943260,41045828,0.000621,2.474467
Hop10Rep4-18,10,4,18,4096,most_delayed,10,0,409,129989088,107357972,22631116,0.001711,3.036518
Hop10Rep4-18,10,4,18,4096,most_delayed,30,0,1228,129989088,70154445,59834643,0.001883,2.027876
Hop10Rep4-19,10,4,19,4096,random,10,0,409,132300937,116774151,15526786,0.000419,2.713144
Hop10Rep4-19,10,4,19,4096,random,30,0,1228,132300937,84986391,47314546,0.000618,1.821352
Hop10Rep4-19,10,4,19,4096,most_delayed,10,0,409,132300937,110400423,21900514,0.001821,2.592594
Hop10Rep4-19,10,4,19,4096,most_delayed,30,0,1228,132300937,72994120,59306817,0.002024,1.558395
Hop20Rep1-0,20,1,0,1024,random,10,0,102,61370530,53202018,8168512,0.000114,1.661866
Hop20Rep1-0,20,1,0,1024,random,30,0,307,61370530,36563700,24806830,0.00018,0.844973
Hop20Rep1-0,20,1,0,1024,most_delayed,10,0,102,61370530,52089711,9280819,0.000419,1.635758
Hop20Rep1-0,20,1,0,1024,most_delayed,30,0,307,61370530,35782336,25588194,0.000724,0.927436
Hop20Rep1-1,20,1,1,1024,random,10,0,102,58798641,47464421,11334220,0.000114,0.929825
Hop20Rep1-1,20,1,1,1024,random,30,0,307,58798641,32721915,26076726,0.000163,0.570541
Hop20Rep1-1,20,1,1,1024,most_delayed,10,0,102,58798641,47530530,11268111,0.000425,0.877497
Hop20Rep1-1,20,1,1,1024,most_delayed,30,0,307,58798641,31595980,27202661,0.000455,0.558537
Hop20Rep1-2,20,1,2,1024,random,10,0,102,36432327,30523464,5908863,0.000114,0.485966
Hop20Rep1-2,20,1,2,1024,random,30,0,307,36432327,20578894,15853433,0.000174,0.294784
Hop20Rep1-2,20,1,2,1024,most_delayed,10,0,102,36432327,29891106,6541221,0.000407,0.466915
Hop20Rep1-2,20,1,2,1024,most_delayed,30,0,307,36432327,19673100,16759227,0.000452,0.257574
Hop20Rep1-3,20,1,3,1024,random,10,0,102,44243807,36066120,8177687,0.000113,0.642032
Hop20Rep1-3,20,1,3,1024,random,30,0,307,44243807,25260526,18983281,0.000171,0.398936
Hop20Rep1-3,20,1,3,1024,most_delayed,10,0,102,44243807,36596661,7647146,0.000403,0.636594
Hop20Rep1-3,20,1,3,1024,most_delayed,30,0,307,44243807,23888837,20354970,0.000443,0.401659
Hop20Rep1-4,20,1,4,1024,random,10,0,102,41765029,36149489,5615540,0.000115,0.696557
Hop20Rep1-4,20,1,4,1024,random,30,0,307,41765029,25625404,16139625,0.000173,0.439527
Hop20Rep1-4,20,1,4,1024,most_delayed,10,0,102,41765029,35360041,6404988,0.000404,0.695053
Hop20Rep1-4,20,1,4,1024,most_delayed,30,0,307,41765029,24816942,16948087,0.000444,0.453319
Hop20Rep1-5,20,1,5,1024,random,10,0,102,39126666,33778065,5348601,0.000115,0.551347
Hop20Rep1-5,20,1,5,1024,random,30,0,307,39126666,24406191,14720475,0.00016,0.383641
Hop20Rep1-5,20,1,5,1024,most_delayed,10,0,102,39126666,33151234,5975432,0.000407,0.535447
Hop20Rep1-5,20,1,5,1024,most_delayed,30,0,307,39126666,23631220,15495446,0.00045,0.360812
Hop20Rep1-6,20,1,6,1024,random,10,0,102,45648586,39445282,6203304,0.000121,0.693169
Hop20Rep1-6,20,1,6,1024,random,30,0,307,45648586,28550548,17098038,0.000174,0.416676
Hop20Rep1-6,20,1,6,1024,most_delayed,10,0,102,45648586,36601058,9047528,0.000408,0.63103
Hop20Rep1-6,20,1,6,1024,most_delayed,30,0,307,45648586,22969879,22678707,0.000449,0.35015
Hop20Rep1-7,20,1,7,1024,random,10,0,102,38591808,32966272,5625536,0.000114,0.656977
Hop20Rep1-7,20,1,7,1024,random,30,0,307,38591808,22909677,15682131,0.000177,0.408994
Hop20Rep1-7,20,1,7,1024,most_delayed,10,0,102,38591808,31865823,6725985,0.000407,0.61884
Hop20Rep1-7,20,1,7,1024,most_delayed,30,0,307,38591808,21010133,17581675,0.000451,0.375656
Hop20Rep1-8,20,1,8,1024,random,10,0,102,43194522,37131945,6062577,0.000113,0.68776
Hop20Rep1-8,20,1,8,1024,random,30,0,307,43194522,25683085,17511437,0.000174,0.42201
Hop20Rep1-8,20,1,8,1024,most_delayed,10,0,102,43194522,36119559,7074963,0.000404,0.689174
Hop20Rep1-8,20,1,8,1024,most_delayed,30,0,307,43194522,24554641,18639881,0.000454,0.435559
Hop20Rep1-9,20,1,9,1024,random,10,0,102,54322429,47618621,6703808,0.000116,1.215088
Hop20Rep1-9,20,1,9,1024,random,30,0,307,54322429,34441623,19880806,0.000174,0.734385
Hop20Rep1-9,20,1,9,1024,most_delayed,10,0,102,54322429,46401945,7920484,0.0004,1.233845
Hop20Rep1-9,20,1,9,1024,most_delayed,30,0,307,54322429,32795402,21527027,0.000529,0.833885
Hop20Rep1-10,20,1,10,1024,random,10,0,102,28639787,25085677,3554110,0.000112,0.363752
Hop20Rep1-10,20,1,10,1024,random,30,0,307,28639787,17734660,10905127,0.000174,0.240481
Hop20Rep1-10,20,1,10,1024,most_delayed,10,0,102,28639787,23763863,4875924,0.000405,0.353807
Hop20Rep1-10,20,1,10,1024,most_delayed,30,0,307,28639787,16061516,12578271,0.000458,0.219156
Hop20Rep1-11,20,1,11,1024,random,10,0,102,37366122,31515405,5850717,0.000114,0.556212
Hop20Rep1-11,20,1,11,1024,random,30,0,307,37366122,21608407,15757715,0.000171,0.361685
Hop20Rep1-11,20,1,11,1024,most_delayed,10,0,102,37366122,29999372,7366750,0.000421,0.509628
Hop20Rep1-11,20,1,11,1024,most_delayed,30,0,307,37366122,18850668,18515454,0.000452,0.306151
Hop20Rep1-12,20,1,12,1024,random,10,0,102,58512441,51141404,7371037,0.000115,1.270193
Hop20Rep1-12,20,1,12,1024,random,30,0,307,58512441,35289048,23223393,0.000175,0.728526
Hop20Rep1-12,20,1,12,1024,most_delayed,10,0,102,58512441,49208701,9303740,0.000421,1.26389
Hop20Rep1-12,20,1,12,1024,most_delayed,30,0,307,58512441,33471777,25040664,0.00045,0.801644
Hop20Rep1-13,20,1,13,1024,random,10,0,102,29471527,25111070,4360457,0.000114,0.444341
Hop20Rep1-13,20,1,13,1024,random,30,0,307,29471527,17285462,12186065,0.00018,0.285797
Hop20Rep1-13,20,1,13,1024,most_delayed,10,0,102,29471527,24060133,5411394,0.000405,0.410506
Hop20Rep1-13,20,1,13,1024,most_delayed,30,0,307,29471527,16009509,13462018,0.000448,0.256251
Hop20Rep1-14,20,1,14,1024,random,10,0,102,56567179,49034950,7532229,0.000116,0.984616
Hop20Rep1-14,20,1,14,1024,random,30,0,307,56567179,34643757,21923422,0.000169,0.593474
Hop20Rep1-14,20,1,14,1024,most_delayed,10,0,102,56567179,47791628,8775551,0.000397,0.978094
Hop20Rep1-14,20,1,14,1024,most_delayed,30,0,307,56567179,32626016,23941163,0.000444,0.636206
Hop20Rep1-15,20,1,15,1024,random,10,0,102,50107407,43368193,6739214,0.000114,0.837228
Hop20Rep1-15,20,1,15,1024,random,30,0,307,50107407,29724247,20383160,0.000173,0.534022
Hop20Rep1-15,20,1,15,1024,most_delayed,10,0,102,50107407,40887823,9219584,0.000403,0.814454
Hop20Rep1-15,20,1,15,1024,most_delayed,30,0,307,50107407,26527591,23579816,0.000472,0.461984
Hop20Rep1-16,20,1,16,1024,random,10,0,102,46138000,40095571,6042429,0.000115,0.938241
Hop20Rep1-16,20,1,16,1024,random,30,0,307,46138000,28156776,17981224,0.000174,0.575601
Hop20Rep1-16,20,1,16,1024,most_delayed,10,0,102,46138000,38965058,7172942,0.000404,0.969352
Hop20Rep1-16,20,1,16,1024,most_delayed,30,0,307,46138000,26929913,19208087,0.000452,0.660177
Hop20Rep1-17,20,1,17,1024,random,10,0,102,23315625,19299218,4016407,0.000113,0.329391
Hop20Rep1-17,20,1,17,1024,random,30,0,307,23315625,13376910,9938715,0.000174,0.212951
Hop20Rep1-17,20,1,17,1024,most_delayed,10,0,102,23315625,18762269,4553356,0.000403,0.314274
Hop20Rep1-17,20,1,17,1024,most_delayed,30,0,307,23315625,12095022,11220603,0.000461,0.201606
Hop20Rep1-18,20,1,18,1024,random,10,0,102,38574680,33306861,5267819,0.000117,0.629049
Hop20Rep1-18,20,1,18,1024,random,30,0,307,38574680,22455923,16118757,0.000179,0.394778
Hop20Rep1-18,20,1,18,1024,most_delayed,10,0,102,38574680,32521019,6053661,0.000435,0.602479
Hop20Rep1-18,20,1,18,1024,most_delayed,30,0,307,38574680,22663193,15911487,0.000478,0.391972
Hop20Rep1-19,20,1,19,1024,random,10,0,102,50770777,44322870,6447907,0.000128,0.97841
Hop20Rep1-19,20,1,19,1024,random,30,0,307,50770777,31091809,19678968,0.000172,0.571371
Hop20Rep1-19,20,1,19,1024,most_delayed,10,0,102,50770777,42626915,8143862,0.000404,1.001346
Hop20Rep1-19,20,1,19,1024,most_delayed,30,0,307,50770777,28686615,22084162,0.000447,0.561957
Hop20Rep2-0,20,2,0,2048,random,10,0,204,142045298,126485742,15559556,0.000221,5.503616
Hop20Rep2-0,20,2,0,2048,random,30,0,614,142045298,94697265,47348033,0.000313,3.735765
Hop20Rep2-0,20,2,0,2048,most_delayed,10,0,204,142045298,122195041,19850257,0.000847,5.118184
Hop20Rep2-0,20,2,0,2048,most_delayed,30,0,614,142045298,86232182,55813116,0.000971,3.395524
Hop20Rep2-1,20,2,1,2048,random,10,0,204,146809443,129270272,17539171,0.000216,3.098871
Hop20Rep2-1,20,2,1,2048,random,30,0,614,146809443,96170794,50638649,0.000313,2.16663
Hop20Rep2-1,20,2,1,2048,most_delayed,10,0,204,146809443,124895956,21913487,0.000874,3.143568
Hop20Rep2-1,20,2,1,2048,most_delayed,30,0,614,146809443,85642831,61166612,0.000931,2.119699
Hop20Rep2-2,20,2,2,2048,random,10,0,204,106688017,92042796,14645221,0.000221,2.169881
Hop20Rep2-2,20,2,2,2048,random,30,0,614,106688017,61334939,45353078,0.000308,1.233782
Hop20Rep2-2,20,2,2,2048,most_delayed,10,0,204,106688017,86431547,20256470,0.00082,2.028353
Hop20Rep2-2,20,2,2,2048,most_delayed,30,0,614,106688017,54526072,52161945,0.000913,0.957879
Hop20Rep2-3,20,2,3,2048,random,10,0,204,117680534,103671929,14008605,0.000215,2.887811
Hop20Rep2-3,20,2,3,2048,random,30,0,614,117680534,72790694,44889840,0.000307,1.715835
Hop20Rep2-3,20,2,3,2048,most_delayed,10,0,204,117680534,98255242,19425292,0.000816,2.614893
Hop20Rep2-3,20,2,3,2048,most_delayed,30,0,614,117680534,64538025,53142509,0.000912,1.464636
Hop20Rep2-4,20,2,4,2048,random,10,0,204,108625639,94821924,13803715,0.000215,2.493003
Hop20Rep2-4,20,2,4,2048,random,30,0,614,108625639,67260414,41365225,0.000309,1.542574
Hop20Rep2-4,20,2,4,2048,most_delayed,10,0,204,108625639,92362933,16262706,0.00086,2.513606
Hop20Rep2-4,20,2,4,2048,most_delayed,30,0,614,108625639,64064071,44561568,0.000967,1.739548
Hop20Rep2-5,20,2,5,2048,random,10,0,204,102411834,89020750,13391084,0.000225,1.676182
Hop20Rep2-5,20,2,5,2048,random,30,0,614,102411834,62723424,39688410,0.000314,1.10887
Hop20Rep2-5,20,2,5,2048,most_delayed,10,0,204,102411834,85254867,17156967,0.000908,1.559337
Hop20Rep2-5,20,2,5,2048,most_delayed,30,0,614,102411834,58161375,44250459,0.001179,0.954604
Hop20Rep2-6,20,2,6,2048,random,10,0,204,116060563,101718516,14342047,0.00023,2.960188
Hop20Rep2-6,20,2,6,2048,random,30,0,614,116060563,72885267,43175296,0.000316,1.719522
Hop20Rep2-6,20,2,6,2048,most_delayed,10,0,204,116060563,94260963,21799600,0.001038,2.539884
Hop20Rep2-6,20,2,6,2048,most_delayed,30,0,614,116060563,59032013,57028550,0.001002,1.186642
Hop20Rep2-7,20,2,7,2048,random,10,0,204,110101353,95368800,14732553,0.00022,2.583798
Hop20Rep2-7,20,2,7,2048,random,30,0,614,110101353,64004849,46096504,0.000311,1.583773
Hop20Rep2-7,20,2,7,2048,most_delayed,10,0,204,110101353,90290261,19811092,0.000881,2.484831
Hop20Rep2-7,20,2,7,2048,most_delayed,30,0,614,110101353,58968303,51133050,0.001136,1.416654
Hop20Rep2-8,20,2,8,2048,random,10,0,204,119095184,102599678,16495506,0.000215,2.611899
Hop20Rep2-8,20,2,8,2048,random,30,0,614,119095184,71707650,47387534,0.000308,1.573047
Hop20Rep2-8,20,2,8,2048,most_delayed,10,0,204,119095184,100695429,18399755,0.000838,2.686578
Hop20Rep2-8,20,2,8,2048,most_delayed,30,0,614,119095184,68587442,50507742,0.000983,1.734753
Hop20Rep2-9,20,2,9,2048,random,10,0,204,124483855,110377812,14106043,0.00022,4.267185
Hop20Rep2-9,20,2,9,2048,random,30,0,614,124483855,82267381,42216474,0.000315,2.742111
Hop20Rep2-9,20,2,9,2048,most_delayed,10,0,204,124483855,107146135,17337720,0.000878,4.290429
Hop20Rep2-9,20,2,9,2048,most_delayed,30,0,614,124483855,76615719,47868136,0.000959,2.899993
Hop20Rep2-10,20,2,10,2048,random,10,0,204,79793659,67768237,12025422,0.000219,1.134538
Hop20Rep2-10,20,2,10,2048,random,30,0,614,79793659,46876843,32916816,0.000311,0.760378
Hop20Rep2-10,20,2,10,2048,most_delayed,10,0,204,79793659,65399828,14393831,0.000828,1.097451
Hop20Rep2-10,20,2,10,2048,most_delayed,30,0,614,79793659,42692776,37100883,0.000915,0.68656
Hop20Rep2-11,20,2,11,2048,random,10,0,204,104343545,89208418,15135127,0.00023,1.930614
Hop20Rep2-11,20,2,11,2048,random,30,0,614,104343545,62464429,41879116,0.000308,1.215579
Hop20Rep2-11,20,2,11,2048,most_delayed,10,0,204,104343545,85040143,19303402,0.000849,1.823407
Hop20Rep2-11,20,2,11,2048,most_delayed,30,0,614,104343545,54032160,50311385,0.000919,1.034169
Hop20Rep2-12,20,2,12,2048,random,10,0,204,134623649,119312510,15311139,0.000214,4.569351
Hop20Rep2-12,20,2,12,2048,random,30,0,614,134623649,88837020,45786629,0.000312,2.89796
Hop20Rep2-12,20,2,12,2048,most_delayed,10,0,204,134623649,114743320,19880329,0.000857,4.511066
Hop20Rep2-12,20,2,12,2048,most_delayed,30,0,614,134623649,79685429,54938220,0.000921,2.844912
Hop20Rep2-13,20,2,13,2048,random,10,0,204,87434751,74837493,12597258,0.000216,1.465373
Hop20Rep2-13,20,2,13,2048,random,30,0,614,87434751,50354847,37079904,0.000309,0.926267
Hop20Rep2-13,20,2,13,2048,most_delayed,10,0,204,87434751,70998760,16435991,0.000828,1.417013
Hop20Rep2-13,20,2,13,2048,most_delayed,30,0,614,87434751,46465008,40969743,0.00091,0.852458
Hop20Rep2-14,20,2,14,2048,random,10,0,204,143629133,125822197,17806936,0.000215,3.776388
Hop20Rep2-14,20,2,14,2048,random,30,0,614,143629133,90402419,53226714,0.000309,2.411337
Hop20Rep2-14,20,2,14,2048,most_delayed,10,0,204,143629133,122895481,20733652,0.000853,4.158293
Hop20Rep2-14,20,2,14,2048,most_delayed,30,0,614,143629133,86245800,57383333,0.000898,2.498607
Hop20Rep2-15,20,2,15,2048,random,10,0,204,129853186,114411047,15442139,0.000216,2.904567
Hop20Rep2-15,20,2,15,2048,random,30,0,614,129853186,82862089,46991097,0.00031,1.890137
Hop20Rep2-15,20,2,15,2048,most_delayed,10,0,204,129853186,108108320,21744866,0.000809,2.762836
Hop20Rep2-15,20,2,15,2048,most_delayed,30,0,614,129853186,71602241,58250945,0.000907,1.573736
Hop20Rep2-16,20,2,16,2048,random,10,0,204,117854666,102569356,15285310,0.000217,2.997796
Hop20Rep2-16,20,2,16,2048,random,30,0,614,117854666,73022211,44832455,0.00031,2.000015
Hop20Rep2-16,20,2,16,2048,most_delayed,10,0,204,117854666,99315372,18539294,0.000856,3.167169
Hop20Rep2-16,20,2,16,2048,most_delayed,30,0,614,117854666,68554629,49300037,0.000925,2.305261
Hop20Rep2-17,20,2,17,2048,random,10,0,204,73271402,61435713,11835689,0.000215,1.074205
Hop20Rep2-17,20,2,17,2048,random,30,0,614,73271402,40450249,32821153,0.000309,0.690506
Hop20Rep2-17,20,2,17,2048,most_delayed,10,0,204,73271402,57846777,15424625,0.000819,1.009285
Hop20Rep2-17,20,2,17,2048,most_delayed,30,0,614,73271402,36212796,37058606,0.00092,0.603973
Hop20Rep2-18,20,2,18,2048,random,10,0,204,105219223,90903846,14315377,0.000214,2.093599
Hop20Rep2-18,20,2,18,2048,random,30,0,614,105219223,61946073,43273150,0.000309,1.350846
Hop20Rep2-18,20,2,18,2048,most_delayed,10,0,204,105219223,88908492,16310731,0.000833,2.161542
Hop20Rep2-18,20,2,18,2048,most_delayed,30,0,614,105219223,61132154,44087069,0.00092,1.491236
Hop20Rep2-19,20,2,19,2048,random,10,0,204,132042378,115611815,16430563,0.000216,3.518773
Hop20Rep2-19,20,2,19,2048,random,30,0,614,132042378,79617566,52424812,0.00031,2.134671
Hop20Rep2-19,20,2,19,2048,most_delayed,10,0,204,132042378,111463104,20579274,0.000838,3.518602
Hop20Rep2-19,20,2,19,2048,most_delayed,30,0,614,132042378,74687123,57355255,0.000926,2.366895
Hop20Rep4-0,20,4,0,4096,random,10,0,409,302905825,270800211,32105614,0.000419,11.258264
Hop20Rep4-0,20,4,0,4096,random,30,0,1228,302905825,207101603,95804222,0.000622,8.516674
Hop20Rep4-0,20,4,0,4096,most_delayed,10,0,409,302905825,263035689,39870136,0.001844,10.544379
Hop20Rep4-0,20,4,0,4096,most_delayed,30,0,1228,302905825,190021124,112884701,0.001896,7.456968
Hop20Rep4-1,20,4,1,4096,random,10,0,409,323669773,288103736,35566037,0.000418,8.27085
Hop20Rep4-1,20,4,1,4096,random,30,0,1228,323669773,218144368,105525405,0.00062,6.035715
Hop20Rep4-1,20,4,1,4096,most_delayed,10,0,409,323669773,277865491,45804282,0.001723,7.970435
Hop20Rep4-1,20,4,1,4096,most_delayed,30,0,1228,323669773,196821929,126847844,0.00204,5.625572
Hop20Rep4-2,20,4,2,4096,random,10,0,409,268046697,237002900,31043797,0.000417,6.317949
Hop20Rep4-2,20,4,2,4096,random,30,0,1228,268046697,171093594,96953103,0.000616,4.699142
Hop20Rep4-2,20,4,2,4096,most_delayed,10,0,409,268046697,224765588,43281109,0.001739,6.349974
Hop20Rep4-2,20,4,2,4096,most_delayed,30,0,1228,268046697,150161378,117885319,0.001979,3.447188
Hop20Rep4-3,20,4,3,4096,random,10,0,409,270706319,239806574,30899745,0.000418,7.923365
Hop20Rep4-3,20,4,3,4096,random,30,0,1228,270706319,177589236,93117083,0.000614,5.679737
Hop20Rep4-3,20,4,3,4096,most_delayed,10,0,409,270706319,232015421,38690898,0.001715,7.474348
Hop20Rep4-3,20,4,3,4096,most_delayed,30,0,1228,270706319,161320382,109385937,0.00191,4.794373
Hop20Rep4-4,20,4,4,4096,random,10,0,409,247686783,220115563,27571220,0.000419,7.215366
Hop20Rep4-4,20,4,4,4096,random,30,0,1228,247686783,164712282,82974501,0.000616,5.03292
Hop20Rep4-4,20,4,4,4096,most_delayed,10,0,409,247686783,214235748,33451035,0.001718,7.231941
Hop20Rep4-4,20,4,4,4096,most_delayed,30,0,1228,247686783,153698053,93988730,0.0019,5.038362
Hop20Rep4-5,20,4,5,4096,random,10,0,409,290694731,245274176,45420555,0.00042,4.945125
Hop20Rep4-5,20,4,5,4096,random,30,0,1228,290694731,166947245,123747486,0.000616,3.382218
Hop20Rep4-5,20,4,5,4096,most_delayed,10,0,409,290694731,237228403,53466328,0.001708,4.984277
Hop20Rep4-5,20,4,5,4096,most_delayed,30,0,1228,290694731,156232108,134462623,0.00192,3.119035
Hop20Rep4-6,20,4,6,4096,random,10,0,409,268201340,236362444,31838896,0.000417,6.923563
Hop20Rep4-6,20,4,6,4096,random,30,0,1228,268201340,177745471,90455869,0.000617,5.08928
Hop20Rep4-6,20,4,6,4096,most_delayed,10,0,409,268201340,224390087,43811253,0.001796,6.351211
Hop20Rep4-6,20,4,6,4096,most_delayed,30,0,1228,268201340,148588296,119613044,0.001965,3.835822
Hop20Rep4-7,20,4,7,4096,random,10,0,409,273671808,240492914,33178894,0.000418,7.261493
Hop20Rep4-7,20,4,7,4096,random,30,0,1228,273671808,174808905,98862903,0.000623,5.1144
Hop20Rep4-7,20,4,7,4096,most_delayed,10,0,409,273671808,232785684,40886124,0.001711,7.051036
Hop20Rep4-7,20,4,7,4096,most_delayed,30,0,1228,273671808,160087070,113584738,0.001904,4.855837
Hop20Rep4-8,20,4,8,4096,random,10,0,409,275995595,243942258,32053337,0.000418,6.817313
Hop20Rep4-8,20,4,8,4096,random,30,0,1228,275995595,181849100,94146495,0.00062,5.318907
Hop20Rep4-8,20,4,8,4096,most_delayed,10,0,409,275995595,238253376,37742219,0.001743,6.824034
Hop20Rep4-8,20,4,8,4096,most_delayed,30,0,1228,275995595,169395283,106600312,0.001919,5.133573
Hop20Rep4-9,20,4,9,4096,random,10,0,409,262198780,235093547,27105233,0.000426,8.13839
Hop20Rep4-9,20,4,9,4096,random,30,0,1228,262198780,180526391,81672389,0.000622,6.485247
Hop20Rep4-9,20,4,9,4096,most_delayed,10,0,409,262198780,227348352,34850428,0.001815,8.014412
Hop20Rep4-9,20,4,9,4096,most_delayed,30,0,1228,262198780,165031017,97167763,0.001922,5.994586
Hop20Rep4-10,20,4,10,4096,random,10,0,409,221869310,191176737,30692573,0.000418,3.717162
Hop20Rep4-10,20,4,10,4096,random,30,0,1228,221869310,133736309,88133001,0.000622,2.45508
Hop20Rep4-10,20,4,10,4096,most_delayed,10,0,409,221869310,184685566,37183744,0.001704,3.581113
Hop20Rep4-10,20,4,10,4096,most_delayed,30,0,1228,221869310,121218970,100650340,0.001902,2.151092
Hop20Rep4-11,20,4,11,4096,random,10,0,409,256418056,226163691,30254365,0.000419,6.426022
Hop20Rep4-11,20,4,11,4096,random,30,0,1228,256418056,164525309,91892747,0.000622,4.370578
Hop20Rep4-11,20,4,11,4096,most_delayed,10,0,409,256418056,217033704,39384352,0.001717,5.815589
Hop20Rep4-11,20,4,11,4096,most_delayed,30,0,1228,256418056,146663819,109754237,0.001894,3.404288
Hop20Rep4-12,20,4,12,4096,random,10,0,409,288276883,257392108,30884775,0.000419,10.933573
Hop20Rep4-12,20,4,12,4096,random,30,0,1228,288276883,196718247,91558636,0.000617,7.898978
Hop20Rep4-12,20,4,12,4096,most_delayed,10,0,409,288276883,248100988,40175895,0.001738,10.640463
Hop20Rep4-12,20,4,12,4096,most_delayed,30,0,1228,288276883,176203470,112073413,0.002012,7.636772
Hop20Rep4-13,20,4,13,4096,random,10,0,409,241849401,211691128,30158273,0.000418,5.057095
Hop20Rep4-13,20,4,13,4096,random,30,0,1228,241849401,146705235,95144166,0.000624,3.360956
Hop20Rep4-13,20,4,13,4096,most_delayed,10,0,409,241849401,201471073,40378328,0.001686,5.017751
Hop20Rep4-13,20,4,13,4096,most_delayed,30,0,1228,241849401,134584879,107264522,0.001897,3.13707
Hop20Rep4-14,20,4,14,4096,random,10,0,409,322548979,287202698,35346281,0.000418,10.080638
Hop20Rep4-14,20,4,14,4096,random,30,0,1228,322548979,216829412,105719567,0.000619,7.301477
Hop20Rep4-14,20,4,14,4096,most_delayed,10,0,409,322548979,278423796,44125183,0.001721,10.36654
Hop20Rep4-14,20,4,14,4096,most_delayed,30,0,1228,322548979,201847227,120701752,0.001911,7.750462
Hop20Rep4-15,20,4,15,4096,random,10,0,409,295599775,262139363,33460412,0.000417,7.945569
Hop20Rep4-15,20,4,15,4096,random,30,0,1228,295599775,195286993,100312782,0.00062,5.667642
Hop20Rep4-15,20,4,15,4096,most_delayed,10,0,409,295599775,251761524,43838251,0.001709,7.484304
Hop20Rep4-15,20,4,15,4096,most_delayed,30,0,1228,295599775,175879252,119720523,0.001971,5.13725
Hop20Rep4-16,20,4,16,4096,random,10,0,409,272295349,242926765,29368584,0.00042,7.375919
Hop20Rep4-16,20,4,16,4096,random,30,0,1228,272295349,181533864,90761485,0.000616,5.485884
Hop20Rep4-16,20,4,16,4096,most_delayed,10,0,409,272295349,230836686,41458663,0.001737,7.139609
Hop20Rep4-16,20,4,16,4096,most_delayed,30,0,1228,272295349,161732609,110562740,0.001922,5.42929
Hop20Rep4-17,20,4,17,4096,random,10,0,409,215201564,185657021,29544543,0.000421,3.716858
Hop20Rep4-17,20,4,17,4096,random,30,0,1228,215201564,129013342,86188222,0.000621,2.413683
Hop20Rep4-17,20,4,17,4096,most_delayed,10,0,409,215201564,176800868,38400696,0.001719,3.683958
Hop20Rep4-17,20,4,17,4096,most_delayed,30,0,1228,215201564,114053885,101147679,0.001913,2.353854
Hop20Rep4-18,20,4,18,4096,random,10,0,409,257981362,227200683,30780679,0.000419,6.899355
Hop20Rep4-18,20,4,18,4096,random,30,0,1228,257981362,165567712,92413650,0.000618,4.576649
Hop20Rep4-18,20,4,18,4096,most_delayed,10,0,409,257981362,221211081,36770281,0.001732,6.945946
Hop20Rep4-18,20,4,18,4096,most_delayed,30,0,1228,257981362,156085237,101896125,0.001929,4.933893
Hop20Rep4-19,20,4,19,4096,random,10,0,409,298317793,264626793,33691000,0.00042,8.218639
Hop20Rep4-19,20,4,19,4096,random,30,0,1228,298317793,198804451,99513342,0.000617,6.636499
Hop20Rep4-19,20,4,19,4096,most_delayed,10,0,409,298317793,255860507,42457286,0.001792,8.287987
Hop20Rep4-19,20,4,19,4096,most_delayed,30,0,1228,298317793,178657786,119660007,0.001892,5.908851
Hop40Rep1-0,40,1,0,1024,random,10,0,102,62292886,54090039,8202847,0.000115,0.92326
Hop40Rep1-0,40,1,0,1024,random,30,0,307,62292886,37568537,24724349,0.000172,0.606546
Hop40Rep1-0,40,1,0,1024,most_delayed,10,0,102,62292886,52609303,9683583,0.000404,0.901567
Hop40Rep1-0,40,1,0,1024,most_delayed,30,0,307,62292886,36102643,26190243,0.00045,0.599065
Hop40Rep1-1,40,1,1,1024,random,10,0,102,100812941,87686609,13126332,0.000115,2.089397
Hop40Rep1-1,40,1,1,1024,random,30,0,307,100812941,59915431,40897510,0.000166,1.191885
Hop40Rep1-1,40,1,1,1024,most_delayed,10,0,102,100812941,86078036,14734905,0.000405,2.139722
Hop40Rep1-1,40,1,1,1024,most_delayed,30,0,307,100812941,60042487,40770454,0.000453,1.237097
Hop40Rep1-2,40,1,2,1024,random,10,0,102,88524041,76668021,11856020,0.000114,1.360471
Hop40Rep1-2,40,1,2,1024,random,30,0,307,88524041,53880720,34643321,0.000166,0.862262
Hop40Rep1-2,40,1,2,1024,most_delayed,10,0,102,88524041,74813518,13710523,0.000401,1.317701
Hop40Rep1-2,40,1,2,1024,most_delayed,30,0,307,88524041,51227155,37296886,0.00045,0.791416
Hop40Rep1-3,40,1,3,1024,random,10,0,102,62750450,53279383,9471067,0.000113,1.064414
Hop40Rep1-3,40,1,3,1024,random,30,0,307,62750450,36188330,26562120,0.000165,0.664558
Hop40Rep1-3,40,1,3,1024,most_delayed,10,0,102,62750450,52332499,10417951,0.000406,1.082549
Hop40Rep1-3,40,1,3,1024,most_delayed,30,0,307,62750450,35524947,27225503,0.000453,0.688108
Hop40Rep1-4,40,1,4,1024,random,10,0,102,62003123,53692223,8310900,0.000114,0.825213
Hop40Rep1-4,40,1,4,1024,random,30,0,307,62003123,39396227,22606896,0.000169,0.575113
Hop40Rep1-4,40,1,4,1024,most_delayed,10,0,102,62003123,53301525,8701598,0.000417,0.799629
Hop40Rep1-4,40,1,4,1024,most_delayed,30,0,307,62003123,37745201,24257922,0.000454,0.558688
Hop40Rep1-5,40,1,5,1024,random,10,0,102,98425563,85713463,12712100,0.000115,1.577923
Hop40Rep1-5,40,1,5,1024,random,30,0,307,98425563,62152711,36272852,0.000167,1.159812
Hop40Rep1-5,40,1,5,1024,most_delayed,10,0,102,98425563,85201485,13224078,0.000404,1.60067
Hop40Rep1-5,40,1,5,1024,most_delayed,30,0,307,98425563,61729491,36696072,0.000445,1.139961
Hop40Rep1-6,40,1,6,1024,random,10,0,102,84867099,73951583,10915516,0.000115,1.322164
Hop40Rep1-6,40,1,6,1024,random,30,0,307,84867099,52178228,32688871,0.000167,0.899968
Hop40Rep1-6,40,1,6,1024,most_delayed,10,0,102,84867099,72521434,12345665,0.000405,1.304755
Hop40Rep1-6,40,1,6,1024,most_delayed,30,0,307,84867099,51715181,33151918,0.000448,0.900592
Hop40Rep1-7,40,1,7,1024,random,10,0,102,89851100,78038318,11812782,0.000115,1.703731
Hop40Rep1-7,40,1,7,1024,random,30,0,307,89851100,54546892,35304208,0.000166,1.055972
Hop40Rep1-7,40,1,7,1024,most_delayed,10,0,102,89851100,76467199,13383901,0.000409,1.773447
Hop40Rep1-7,40,1,7,1024,most_delayed,30,0,307,89851100,53638326,36212774,0.000451,1.238815
Hop40Rep1-8,40,1,8,1024,random,10,0,102,79741177,68541925,11199252,0.00012,1.547287
Hop40Rep1-8,40,1,8,1024,random,30,0,307,79741177,46061342,33679835,0.000169,0.927049
Hop40Rep1-8,40,1,8,1024,most_delayed,10,0,102,79741177,66577207,13163970,0.000404,1.493423
Hop40Rep1-8,40,1,8,1024,most_delayed,30,0,307,79741177,45227643,34513534,0.000457,0.994384
Hop40Rep1-9,40,1,9,1024,random,10,0,102,79467056,69589177,9877879,0.000116,1.196926
Hop40Rep1-9,40,1,9,1024,random,30,0,307,79467056,50598196,28868860,0.000168,0.857252
Hop40Rep1-9,40,1,9,1024,most_delayed,10,0,102,79467056,67862994,11604062,0.000411,1.209732
Hop40Rep1-9,40,1,9,1024,most_delayed,30,0,307,79467056,48717769,30749287,0.00045,0.84167
Hop40Rep1-10,40,1,10,1024,random,10,0,102,46438295,40423786,6014509,0.000114,0.657072
Hop40Rep1-10,40,1,10,1024,random,30,0,307,46438295,29269645,17168650,0.000167,0.447045
Hop40Rep1-10,40,1,10,1024,most_delayed,10,0,102,46438295,39623275,6815020,0.000417,0.627586
Hop40Rep1-10,40,1,10,1024,most_delayed,30,0,307,46438295,28423477,18014818,0.000458,0.433929
Hop40Rep1-11,40,1,11,1024,random,10,0,102,77561018,68198958,9362060,0.000115,1.143515
Hop40Rep1-11,40,1,11,1024,random,30,0,307,77561018,48475279,29085739,0.000165,0.752858
Hop40Rep1-11,40,1,11,1024,most_delayed,10,0,102,77561018,66353454,11207564,0.000414,1.08812
Hop40Rep1-11,40,1,11,1024,most_delayed,30,0,307,77561018,46769332,30791686,0.000456,0.718662
Hop40Rep1-12,40,1,12,1024,random,10,0,102,59773824,52551941,7221883,0.000112,0.883149
Hop40Rep1-12,40,1,12,1024,random,30,0,307,59773824,39279383,20494441,0.000168,0.587008
Hop40Rep1-12,40,1,12,1024,most_delayed,10,0,102,59773824,51419918,8353906,0.000403,0.88448
Hop40Rep1-12,40,1,12,1024,most_delayed,30,0,307,59773824,37224596,22549228,0.000454,0.566472
Hop40Rep1-13,40,1,13,1024,random,10,0,102,70069949,61242374,8827575,0.000115,1.18343
Hop40Rep1-13,40,1,13,1024,random,30,0,307,70069949,44464069,25605880,0.000172,0.793613
Hop40Rep1-13,40,1,13,1024,most_delayed,10,0,102,70069949,60497146,9572803,0.000398,1.185621
Hop40Rep1-13,40,1,13,1024,most_delayed,30,0,307,70069949,43304696,26765253,0.000446,0.803016
Hop40Rep1-14,40,1,14,1024,random,10,0,102,73806076,64310450,9495626,0.000114,1.211275
Hop40Rep1-14,40,1,14,1024,random,30,0,307,73806076,46597096,27208980,0.000166,0.782778
Hop40Rep1-14,40,1,14,1024,most_delayed,10,0,102,73806076,63791110,10014966,0.000404,1.205695
Hop40Rep1-14,40,1,14,1024,most_delayed,30,0,307,73806076,46043295,27762781,0.000457,0.767472
Hop40Rep1-15,40,1,15,1024,random,10,0,102,70369858,61807830,8562028,0.000114,1.101175
Hop40Rep1-15,40,1,15,1024,random,30,0,307,70369858,45076025,25293833,0.000166,0.750079
Hop40Rep1-15,40,1,15,1024,most_delayed,10,0,102,70369858,60791934,9577924,0.000406,1.095686
Hop40Rep1-15,40,1,15,1024,most_delayed,30,0,307,70369858,44271444,26098414,0.000459,0.744959
Hop40Rep1-16,40,1,16,1024,random,10,0,102,69978425,60323074,9655351,0.000115,1.240256
Hop40Rep1-16,40,1,16,1024,random,30,0,307,69978425,43454307,26524118,0.000164,0.784173
Hop40Rep1-16,40,1,16,1024,most_delayed,10,0,102,69978425,59489005,10489420,0.000398,1.282913
Hop40Rep1-16,40,1,16,1024,most_delayed,30,0,307,69978425,41568919,28409506,0.000442,0.916394
Hop40Rep1-17,40,1,17,1024,random,10,0,102,52782995,46068208,6714787,0.000114,0.708354
Hop40Rep1-17,40,1,17,1024,random,30,0,307,52782995,33612198,19170797,0.00017,0.480556
Hop40Rep1-17,40,1,17,1024,most_delayed,10,0,102,52782995,45503687,7279308,0.000406,0.703584
Hop40Rep1-17,40,1,17,1024,most_delayed,30,0,307,52782995,32704521,20078474,0.000452,0.482826
Hop40Rep1-18,40,1,18,1024,random,10,0,102,50969433,44502552,6466881,0.000112,0.717835
Hop40Rep1-18,40,1,18,1024,random,30,0,307,50969433,32916929,18052504,0.000166,0.535267
Hop40Rep1-18,40,1,18,1024,most_delayed,10,0,102,50969433,44140269,6829164,0.000413,0.700312
Hop40Rep1-18,40,1,18,1024,most_delayed,30,0,307,50969433,32476160,18493273,0.000455,0.504684
Hop40Rep1-19,40,1,19,1024,random,10,0,102,64622920,56651659,7971261,0.000114,0.947328
Hop40Rep1-19,40,1,19,1024,random,30,0,307,64622920,41200235,23422685,0.000165,0.665295
Hop40Rep1-19,40,1,19,1024,most_delayed,10,0,102,64622920,54715516,9907404,0.000409,0.912851
Hop40Rep1-19,40,1,19,1024,most_delayed,30,0,307,64622920,38673123,25949797,0.000454,0.613229
Hop40Rep2-0,40,2,0,2048,random,10,0,204,183334760,157147947,26186813,0.000215,3.411913
Hop40Rep2-0,40,2,0,2048,random,30,0,614,183334760,104115933,79218827,0.000309,2.000323
Hop40Rep2-0,40,2,0,2048,most_delayed,10,0,204,183334760,152584389,30750371,0.000808,3.388432
Hop40Rep2-0,40,2,0,2048,most_delayed,30,0,614,183334760,99804490,83530270,0.000895,1.828747
Hop40Rep2-1,40,2,1,2048,random,10,0,204,272502704,234271031,38231673,0.000221,10.115647
Hop40Rep2-1,40,2,1,2048,random,30,0,614,272502704,163735354,108767350,0.000313,5.805929
Hop40Rep2-1,40,2,1,2048,most_delayed,10,0,204,272502704,232879724,39622980,0.000842,10.184771
Hop40Rep2-1,40,2,1,2048,most_delayed,30,0,614,272502704,161750085,110752619,0.000912,6.063254
Hop40Rep2-2,40,2,2,2048,random,10,0,204,235824473,204278209,31546264,0.000214,5.539691
Hop40Rep2-2,40,2,2,2048,random,30,0,614,235824473,143032707,92791766,0.000317,3.231034
Hop40Rep2-2,40,2,2,2048,most_delayed,10,0,204,235824473,197344356,38480117,0.000857,5.162119
Hop40Rep2-2,40,2,2,2048,most_delayed,30,0,614,235824473,132785998,103038475,0.00091,2.669358
Hop40Rep2-3,40,2,3,2048,random,10,0,204,189130776,160047286,29083490,0.000215,4.712431
Hop40Rep2-3,40,2,3,2048,random,30,0,614,189130776,107762646,81368130,0.000309,2.667295
Hop40Rep2-3,40,2,3,2048,most_delayed,10,0,204,189130776,159117994,30012782,0.000813,4.848507
Hop40Rep2-3,40,2,3,2048,most_delayed,30,0,614,189130776,104063356,85067420,0.000903,3.014491
Hop40Rep2-4,40,2,4,2048,random,10,0,204,160372398,138499829,21872569,0.000215,2.690071
Hop40Rep2-4,40,2,4,2048,random,30,0,614,160372398,98092922,62279476,0.000315,1.689302
Hop40Rep2-4,40,2,4,2048,most_delayed,10,0,204,160372398,137110978,23261420,0.000822,2.697319
Hop40Rep2-4,40,2,4,2048,most_delayed,30,0,614,160372398,95413928,64958470,0.000914,1.652003
Hop40Rep2-5,40,2,5,2048,random,10,0,204,262149198,225114419,37034779,0.00022,4.383013
Hop40Rep2-5,40,2,5,2048,random,30,0,614,262149198,157612331,104536867,0.00031,3.009367
Hop40Rep2-5,40,2,5,2048,most_delayed,10,0,204,262149198,223674617,38474581,0.000823,4.494652
Hop40Rep2-5,40,2,5,2048,most_delayed,30,0,614,262149198,155558038,106591160,0.000968,3.142865
Hop40Rep2-6,40,2,6,2048,random,10,0,204,218858438,190292828,28565610,0.000216,4.003186
Hop40Rep2-6,40,2,6,2048,random,30,0,614,218858438,133774976,85083462,0.000317,2.630073
Hop40Rep2-6,40,2,6,2048,most_delayed,10,0,204,218858438,184747071,34111367,0.00084,4.056112
Hop40Rep2-6,40,2,6,2048,most_delayed,30,0,614,218858438,127562129,91296309,0.000902,2.702413
Hop40Rep2-7,40,2,7,2048,random,10,0,204,247936639,215866787,32069852,0.000215,8.319747
Hop40Rep2-7,40,2,7,2048,random,30,0,614,247936639,150392436,97544203,0.000313,4.757725
Hop40Rep2-7,40,2,7,2048,most_delayed,10,0,204,247936639,212278478,35658161,0.000824,8.304684
Hop40Rep2-7,40,2,7,2048,most_delayed,30,0,614,247936639,147278686,100657953,0.000904,4.980907
Hop40Rep2-8,40,2,8,2048,random,10,0,204,255380646,219242597,36138049,0.000215,7.025884
Hop40Rep2-8,40,2,8,2048,random,30,0,614,255380646,142965448,112415198,0.00031,3.725473
Hop40Rep2-8,40,2,8,2048,most_delayed,10,0,204,255380646,216789720,38590926,0.000815,7.280968
Hop40Rep2-8,40,2,8,2048,most_delayed,30,0,614,255380646,146196451,109184195,0.000924,4.586333
Hop40Rep2-9,40,2,9,2048,random,10,0,204,207730769,177514534,30216235,0.000218,3.972797
Hop40Rep2-9,40,2,9,2048,random,30,0,614,207730769,126317323,81413446,0.000312,2.479317
Hop40Rep2-9,40,2,9,2048,most_delayed,10,0,204,207730769,173575341,34155428,0.000815,3.80814
Hop40Rep2-9,40,2,9,2048,most_delayed,30,0,614,207730769,119287391,88443378,0.000917,2.347158
Hop40Rep2-10,40,2,10,2048,random,10,0,204,120399675,104508439,15891236,0.000213,1.903784
Hop40Rep2-10,40,2,10,2048,random,30,0,614,120399675,73801831,46597844,0.000316,1.255509
Hop40Rep2-10,40,2,10,2048,most_delayed,10,0,204,120399675,100982686,19416989,0.000828,1.8064
Hop40Rep2-10,40,2,10,2048,most_delayed,30,0,614,120399675,68852401,51547274,0.000919,1.115616
Hop40Rep2-11,40,2,11,2048,random,10,0,204,208447749,176209126,32238623,0.000214,3.364812
Hop40Rep2-11,40,2,11,2048,random,30,0,614,208447749,122213962,86233787,0.000311,2.1549
Hop40Rep2-11,40,2,11,2048,most_delayed,10,0,204,208447749,173874076,34573673,0.000821,3.409624
Hop40Rep2-11,40,2,11,2048,most_delayed,30,0,614,208447749,116073267,92374482,0.000911,2.189502
Hop40Rep2-12,40,2,12,2048,random,10,0,204,152002746,131637830,20364916,0.000214,2.766451
Hop40Rep2-12,40,2,12,2048,random,30,0,614,152002746,93147636,58855110,0.000317,1.810199
Hop40Rep2-12,40,2,12,2048,most_delayed,10,0,204,152002746,129092614,22910132,0.000813,2.788337
Hop40Rep2-12,40,2,12,2048,most_delayed,30,0,614,152002746,90303975,61698771,0.00091,1.843404
Hop40Rep2-13,40,2,13,2048,random,10,0,204,197723662,166285135,31438527,0.000216,4.024216
Hop40Rep2-13,40,2,13,2048,random,30,0,614,197723662,111300063,86423599,0.000311,2.424902
Hop40Rep2-13,40,2,13,2048,most_delayed,10,0,204,197723662,164492135,33231527,0.000814,4.264511
Hop40Rep2-13,40,2,13,2048,most_delayed,30,0,614,197723662,109593355,88130307,0.000903,2.453353
Hop40Rep2-14,40,2,14,2048,random,10,0,204,199914767,170057366,29857401,0.00022,4.403129
Hop40Rep2-14,40,2,14,2048,random,30,0,614,199914767,118149795,81764972,0.000312,2.796403
Hop40Rep2-14,40,2,14,2048,most_delayed,10,0,204,199914767,168847163,31067604,0.000828,4.346764
Hop40Rep2-14,40,2,14,2048,most_delayed,30,0,614,199914767,115510082,84404685,0.000906,2.559794
Hop40Rep2-15,40,2,15,2048,random,10,0,204,185544747,158072335,27472412,0.000215,3.166811
Hop40Rep2-15,40,2,15,2048,random,30,0,614,185544747,109558932,75985815,0.000316,2.004881
Hop40Rep2-15,40,2,15,2048,most_delayed,10,0,204,185544747,156156596,29388151,0.000855,3.139569
Hop40Rep2-15,40,2,15,2048,most_delayed,30,0,614,185544747,107837220,77707527,0.000907,2.040067
Hop40Rep2-16,40,2,16,2048,random,10,0,204,202958926,172593366,30365560,0.000218,4.236594
Hop40Rep2-16,40,2,16,2048,random,30,0,614,202958926,117211697,85747229,0.000311,2.565718
Hop40Rep2-16,40,2,16,2048,most_delayed,10,0,204,202958926,170797318,32161608,0.000813,4.319989
Hop40Rep2-16,40,2,16,2048,most_delayed,30,0,614,202958926,113588075,89370851,0.000914,2.983288
Hop40Rep2-17,40,2,17,2048,random,10,0,204,138525033,120400343,18124690,0.000216,2.228926
Hop40Rep2-17,40,2,17,2048,random,30,0,614,138525033,83717134,54807899,0.000313,1.403776
Hop40Rep2-17,40,2,17,2048,most_delayed,10,0,204,138525033,116278430,22246603,0.000834,2.225023
Hop40Rep2-17,40,2,17,2048,most_delayed,30,0,614,138525033,79798747,58726286,0.000921,1.428771
Hop40Rep2-18,40,2,18,2048,random,10,0,204,130746188,112874660,17871528,0.000215,1.849379
Hop40Rep2-18,40,2,18,2048,random,30,0,614,130746188,80795550,49950638,0.000312,1.287648
Hop40Rep2-18,40,2,18,2048,most_delayed,10,0,204,130746188,110691161,20055027,0.000839,1.802153
Hop40Rep2-18,40,2,18,2048,most_delayed,30,0,614,130746188,77749807,52996381,0.000923,1.215241
Hop40Rep2-19,40,2,19,2048,random,10,0,204,169044447,144070460,24973987,0.000215,2.503577
Hop40Rep2-19,40,2,19,2048,random,30,0,614,169044447,102527966,66516481,0.00031,1.757558
Hop40Rep2-19,40,2,19,2048,most_delayed,10,0,204,169044447,141875510,27168937,0.000823,2.472303
Hop40Rep2-19,40,2,19,2048,most_delayed,30,0,614,169044447,96963114,72081333,0.000918,1.608855
Hop40Rep4-0,40,4,0,4096,random,10,0,409,460985702,407448859,53536843,0.000424,12.003209
Hop40Rep4-0,40,4,0,4096,random,30,0,1228,460985702,294409493,166576209,0.000616,7.956438
Hop40Rep4-0,40,4,0,4096,most_delayed,10,0,409,460985702,396296026,64689676,0.00171,11.303356
Hop40Rep4-0,40,4,0,4096,most_delayed,30,0,1228,460985702,274570061,186415641,0.001939,7.212143
Hop40Rep4-1,40,4,1,4096,random,10,0,409,672406056,587468921,84937135,0.000418,25.491523
Hop40Rep4-1,40,4,1,4096,random,30,0,1228,672406056,423773508,248632548,0.000623,17.72621
Hop40Rep4-1,40,4,1,4096,most_delayed,10,0,409,672406056,573888453,98517603,0.0018,25.504342
Hop40Rep4-1,40,4,1,4096,most_delayed,30,0,1228,672406056,407525241,264880815,0.001902,20.084598
Hop40Rep4-2,40,4,2,4096,random,10,0,409,582427736,514409254,68018482,0.000426,19.623745
Hop40Rep4-2,40,4,2,4096,random,30,0,1228,582427736,374260348,208167388,0.000622,12.797723
Hop40Rep4-2,40,4,2,4096,most_delayed,10,0,409,582427736,498663882,83763854,0.001797,18.430322
Hop40Rep4-2,40,4,2,4096,most_delayed,30,0,1228,582427736,339016490,243411246,0.001925,9.607309
Hop40Rep4-3,40,4,3,4096,random,10,0,409,482555018,426919231,55635787,0.000423,14.75287
Hop40Rep4-3,40,4,3,4096,random,30,0,1228,482555018,309358502,173196516,0.000692,10.612276
Hop40Rep4-3,40,4,3,4096,most_delayed,10,0,409,482555018,415342603,67212415,0.001702,14.241584
Hop40Rep4-3,40,4,3,4096,most_delayed,30,0,1228,482555018,288019953,194535065,0.001909,9.882352
Hop40Rep4-4,40,4,4,4096,random,10,0,409,436421680,374264234,62157446,0.000418,8.862327
Hop40Rep4-4,40,4,4,4096,random,30,0,1228,436421680,259528596,176893084,0.00063,5.615386
Hop40Rep4-4,40,4,4,4096,most_delayed,10,0,409,436421680,368743440,67678240,0.001749,8.957456
Hop40Rep4-4,40,4,4,4096,most_delayed,30,0,1228,436421680,254929500,181492180,0.001913,5.693205
Hop40Rep4-5,40,4,5,4096,random,10,0,409,682106836,593881333,88225503,0.000423,13.145062
Hop40Rep4-5,40,4,5,4096,random,30,0,1228,682106836,415461179,266645657,0.000623,8.798198
Hop40Rep4-5,40,4,5,4096,most_delayed,10,0,409,682106836,582297078,99809758,0.001672,13.466857
Hop40Rep4-5,40,4,5,4096,most_delayed,30,0,1228,682106836,404223197,277883639,0.001868,9.0047
Hop40Rep4-6,40,4,6,4096,random,10,0,409,513597388,453200104,60397284,0.000423,11.000912
Hop40Rep4-6,40,4,6,4096,random,30,0,1228,513597388,338355946,175241442,0.000624,8.210263
Hop40Rep4-6,40,4,6,4096,most_delayed,10,0,409,513597388,442069652,71527736,0.001705,11.047744
Hop40Rep4-6,40,4,6,4096,most_delayed,30,0,1228,513597388,314001821,199595567,0.001874,7.616296
Hop40Rep4-7,40,4,7,4096,random,10,0,409,562882531,500788155,62094376,0.000424,21.133941
Hop40Rep4-7,40,4,7,4096,random,30,0,1228,562882531,374479934,188402597,0.000625,15.109933
Hop40Rep4-7,40,4,7,4096,most_delayed,10,0,409,562882531,491256476,71626055,0.002123,20.06502
Hop40Rep4-7,40,4,7,4096,most_delayed,30,0,1228,562882531,357337160,205545371,0.001993,14.268491
Hop40Rep4-8,40,4,8,4096,random,10,0,409,614696489,543917728,70778761,0.000417,21.029194
Hop40Rep4-8,40,4,8,4096,random,30,0,1228,614696489,401860319,212836170,0.000628,14.519203
Hop40Rep4-8,40,4,8,4096,most_delayed,10,0,409,614696489,535769765,78926724,0.001688,21.13745
Hop40Rep4-8,40,4,8,4096,most_delayed,30,0,1228,614696489,385979900,228716589,0.00197,15.489001
Hop40Rep4-9,40,4,9,4096,random,10,0,409,524044468,460126833,63917635,0.000418,12.752902
Hop40Rep4-9,40,4,9,4096,random,30,0,1228,524044468,332280781,191763687,0.00063,8.545575
Hop40Rep4-9,40,4,9,4096,most_delayed,10,0,409,524044468,447447414,76597054,0.001726,12.54045
Hop40Rep4-9,40,4,9,4096,most_delayed,30,0,1228,524044468,307682689,216361779,0.002028,7.412663
Hop40Rep4-10,40,4,10,4096,random,10,0,409,334009304,284006653,50002651,0.000421,5.912426
Hop40Rep4-10,40,4,10,4096,random,30,0,1228,334009304,194991908,139017396,0.000625,3.938439
Hop40Rep4-10,40,4,10,4096,most_delayed,10,0,409,334009304,276890968,57118336,0.001711,5.81876
Hop40Rep4-10,40,4,10,4096,most_delayed,30,0,1228,334009304,183341661,150667643,0.00191,3.622733
Hop40Rep4-11,40,4,11,4096,random,10,0,409,568914937,488407766,80507171,0.000414,11.215249
Hop40Rep4-11,40,4,11,4096,random,30,0,1228,568914937,340747272,228167665,0.000619,7.32467
Hop40Rep4-11,40,4,11,4096,most_delayed,10,0,409,568914937,473519580,95395357,0.001749,11.050651
Hop40Rep4-11,40,4,11,4096,most_delayed,30,0,1228,568914937,309220580,259694357,0.001902,6.663856
Hop40Rep4-12,40,4,12,4096,random,10,0,409,439699762,373638182,66061580,0.000419,8.476862
Hop40Rep4-12,40,4,12,4096,random,30,0,1228,439699762,250285708,189414054,0.000626,5.552274
Hop40Rep4-12,40,4,12,4096,most_delayed,10,0,409,439699762,369966416,69733346,0.001703,8.697671
Hop40Rep4-12,40,4,12,4096,most_delayed,30,0,1228,439699762,248568321,191131441,0.001934,5.715586
Hop40Rep4-13,40,4,13,4096,random,10,0,409,509051773,443812584,65239189,0.000414,11.74733
Hop40Rep4-13,40,4,13,4096,random,30,0,1228,509051773,321735034,187316739,0.000621,8.349194
Hop40Rep4-13,40,4,13,4096,most_delayed,10,0,409,509051773,436013207,73038566,0.001712,12.079267
Hop40Rep4-13,40,4,13,4096,most_delayed,30,0,1228,509051773,299411461,209640312,0.001937,8.382299
Hop40Rep4-14,40,4,14,4096,random,10,0,409,524485737,457627399,66858338,0.000418,14.6937
Hop40Rep4-14,40,4,14,4096,random,30,0,1228,524485737,330927530,193558207,0.000624,10.20283
Hop40Rep4-14,40,4,14,4096,most_delayed,10,0,409,524485737,450875683,73610054,0.001711,14.127482
Hop40Rep4-14,40,4,14,4096,most_delayed,30,0,1228,524485737,312528626,211957111,0.001893,8.599931
Hop40Rep4-15,40,4,15,4096,random,10,0,409,488986860,422916223,66070637,0.000417,11.077041
Hop40Rep4-15,40,4,15,4096,random,30,0,1228,488986860,298506597,190480263,0.000622,6.966357
Hop40Rep4-15,40,4,15,4096,most_delayed,10,0,409,488986860,418103503,70883357,0.001745,10.710564
Hop40Rep4-15,40,4,15,4096,most_delayed,30,0,1228,488986860,291383228,197603632,0.001914,6.581107
Hop40Rep4-16,40,4,16,4096,random,10,0,409,512508943,447556728,64952215,0.000421,13.419995
Hop40Rep4-16,40,4,16,4096,random,30,0,1228,512508943,324666700,187842243,0.000621,9.197955
Hop40Rep4-16,40,4,16,4096,most_delayed,10,0,409,512508943,438866329,73642614,0.001774,12.79658
Hop40Rep4-16,40,4,16,4096,most_delayed,30,0,1228,512508943,300556376,211952567,0.001878,8.819728
Hop40Rep4-17,40,4,17,4096,random,10,0,409,354383320,309194415,45188905,0.000418,8.16112
Hop40Rep4-17,40,4,17,4096,random,30,0,1228,354383320,221032620,133350700,0.00062,5.156926
Hop40Rep4-17,40,4,17,4096,most_delayed,10,0,409,354383320,300241653,54141667,0.001685,7.92052
Hop40Rep4-17,40,4,17,4096,most_delayed,30,0,1228,354383320,208545918,145837402,0.001975,4.926292
Hop40Rep4-18,40,4,18,4096,random,10,0,409,353030165,298688388,54341777,0.000418,5.931739
Hop40Rep4-18,40,4,18,4096,random,30,0,1228,353030165,208237641,144792524,0.000626,3.853549
Hop40Rep4-18,40,4,18,4096,most_delayed,10,0,409,353030165,294785071,58245094,0.001732,5.608676
Hop40Rep4-18,40,4,18,4096,most_delayed,30,0,1228,353030165,202671545,150358620,0.00191,3.385756
Hop40Rep4-19,40,4,19,4096,random,10,0,409,431756459,373024537,58731922,0.000422,8.021189
Hop40Rep4-19,40,4,19,4096,random,30,0,1228,431756459,265377852,166378607,0.000617,5.22513
Hop40Rep4-19,40,4,19,4096,most_delayed,10,0,409,431756459,366507749,65248710,0.001711,7.666287
Hop40Rep4-19,40,4,19,4096,most_delayed,30,0,1228,431756459,251706175,180050284,0.001979,4.731484
