dataset,hop,rep,seed,query_count,random_fraction,random_seed,selected_count,total_before,random_unselected_after_remove,random_reduction,random_select_sec,evaluate_remaining_sec
Hop10Rep1-0,10,1,0,1024,10,0,102,27030182,23769028,3261154,0.000226,0.453744
Hop10Rep1-0,10,1,0,1024,30,0,307,27030182,16957014,10073168,0.000164,0.297292
Hop10Rep1-1,10,1,1,1024,10,0,102,16105706,13564615,2541091,0.00016,0.24623
Hop10Rep1-1,10,1,1,1024,30,0,307,16105706,8861238,7244468,0.000163,0.161949
Hop10Rep1-2,10,1,2,1024,10,0,102,29257903,24880035,4377868,0.00016,0.548384
Hop10Rep1-2,10,1,2,1024,30,0,307,29257903,16464877,12793026,0.000166,0.31325
Hop10Rep1-3,10,1,3,1024,10,0,102,15903591,13844592,2058999,0.000163,0.259209
Hop10Rep1-3,10,1,3,1024,30,0,307,15903591,9589044,6314547,0.000164,0.156888
Hop10Rep1-4,10,1,4,1024,10,0,102,22706139,19510208,3195931,0.000157,0.30587
Hop10Rep1-4,10,1,4,1024,30,0,307,22706139,12970404,9735735,0.000159,0.180476
Hop10Rep1-5,10,1,5,1024,10,0,102,18340040,15417305,2922735,0.000163,0.307503
Hop10Rep1-5,10,1,5,1024,30,0,307,18340040,10256845,8083195,0.000164,0.187771
Hop10Rep1-6,10,1,6,1024,10,0,102,14713545,12403273,2310272,0.000162,0.215187
Hop10Rep1-6,10,1,6,1024,30,0,307,14713545,7805708,6907837,0.000159,0.137814
Hop10Rep1-7,10,1,7,1024,10,0,102,29930878,25495079,4435799,0.000161,0.500535
Hop10Rep1-7,10,1,7,1024,30,0,307,29930878,17728309,12202569,0.00017,0.336426
Hop10Rep1-8,10,1,8,1024,10,0,102,23006298,19329204,3677094,0.000169,0.351117
Hop10Rep1-8,10,1,8,1024,30,0,307,23006298,12724341,10281957,0.000166,0.221722
Hop10Rep1-9,10,1,9,1024,10,0,102,28055401,24175510,3879891,0.000159,0.50894
Hop10Rep1-9,10,1,9,1024,30,0,307,28055401,16916377,11139024,0.000158,0.297939
Hop10Rep1-10,10,1,10,1024,10,0,102,17077467,14616238,2461229,0.000158,0.283024
Hop10Rep1-10,10,1,10,1024,30,0,307,17077467,10023690,7053777,0.000163,0.177693
Hop10Rep1-11,10,1,11,1024,10,0,102,23999457,20256905,3742552,0.000159,0.412097
Hop10Rep1-11,10,1,11,1024,30,0,307,23999457,12932868,11066589,0.000161,0.259591
Hop10Rep1-12,10,1,12,1024,10,0,102,18957851,15792709,3165142,0.000156,0.316801
Hop10Rep1-12,10,1,12,1024,30,0,307,18957851,10035025,8922826,0.000166,0.182979
Hop10Rep1-13,10,1,13,1024,10,0,102,14008382,11991552,2016830,0.000158,0.211839
Hop10Rep1-13,10,1,13,1024,30,0,307,14008382,7762664,6245718,0.000159,0.128059
Hop10Rep1-14,10,1,14,1024,10,0,102,19923136,17001887,2921249,0.000162,0.314571
Hop10Rep1-14,10,1,14,1024,30,0,307,19923136,11411116,8512020,0.000163,0.205872
Hop10Rep1-15,10,1,15,1024,10,0,102,19115140,16098297,3016843,0.000162,0.318194
Hop10Rep1-15,10,1,15,1024,30,0,307,19115140,10741667,8373473,0.000161,0.190064
Hop10Rep1-16,10,1,16,1024,10,0,102,15597648,13285804,2311844,0.000158,0.242859
Hop10Rep1-16,10,1,16,1024,30,0,307,15597648,9173904,6423744,0.000166,0.155036
Hop10Rep1-17,10,1,17,1024,10,0,102,24413857,21575529,2838328,0.000158,0.432354
Hop10Rep1-17,10,1,17,1024,30,0,307,24413857,15755807,8658050,0.000161,0.281389
Hop10Rep1-18,10,1,18,1024,10,0,102,25970157,22619392,3350765,0.000161,0.529174
Hop10Rep1-18,10,1,18,1024,30,0,307,25970157,16347710,9622447,0.000164,0.34156
Hop10Rep1-19,10,1,19,1024,10,0,102,18471203,15479380,2991823,0.000158,0.254997
Hop10Rep1-19,10,1,19,1024,30,0,307,18471203,10789765,7681438,0.000182,0.159664
Hop10Rep2-0,10,2,0,2048,10,0,204,66208060,57773821,8434239,0.000306,1.335253
Hop10Rep2-0,10,2,0,2048,30,0,614,66208060,41798566,24409494,0.000315,0.918743
Hop10Rep2-1,10,2,1,2048,10,0,204,48635891,41422947,7212944,0.000307,0.919802
Hop10Rep2-1,10,2,1,2048,30,0,614,48635891,28539924,20095967,0.000311,0.58649
Hop10Rep2-2,10,2,2,2048,10,0,204,76065730,67114008,8951722,0.000308,1.89123
Hop10Rep2-2,10,2,2,2048,30,0,614,76065730,48579612,27486118,0.000318,1.260548
Hop10Rep2-3,10,2,3,2048,10,0,204,40823735,35700038,5123697,0.000307,1.047846
Hop10Rep2-3,10,2,3,2048,30,0,614,40823735,25781083,15042652,0.00031,0.672306
Hop10Rep2-4,10,2,4,2048,10,0,204,56344634,49855818,6488816,0.000307,1.002782
Hop10Rep2-4,10,2,4,2048,30,0,614,56344634,35848318,20496316,0.000314,0.663874
Hop10Rep2-5,10,2,5,2048,10,0,204,50861935,43904747,6957188,0.000305,1.101059
Hop10Rep2-5,10,2,5,2048,30,0,614,50861935,31036483,19825452,0.000313,0.685637
Hop10Rep2-6,10,2,6,2048,10,0,204,47806481,41216060,6590421,0.000305,0.852906
Hop10Rep2-6,10,2,6,2048,30,0,614,47806481,27606578,20199903,0.00031,0.518201
Hop10Rep2-7,10,2,7,2048,10,0,204,74090852,65256894,8833958,0.000305,1.923885
Hop10Rep2-7,10,2,7,2048,30,0,614,74090852,47280318,26810534,0.000314,1.198363
Hop10Rep2-8,10,2,8,2048,10,0,204,71464715,61875368,9589347,0.000309,1.157608
Hop10Rep2-8,10,2,8,2048,30,0,614,71464715,42180919,29283796,0.000313,0.727034
Hop10Rep2-9,10,2,9,2048,10,0,204,68615912,60472656,8143256,0.000303,1.936855
Hop10Rep2-9,10,2,9,2048,30,0,614,68615912,44181006,24434906,0.000327,1.186888
Hop10Rep2-10,10,2,10,2048,10,0,204,51539662,44184698,7354964,0.000312,0.923609
Hop10Rep2-10,10,2,10,2048,30,0,614,51539662,29908627,21631035,0.000312,0.602641
Hop10Rep2-11,10,2,11,2048,10,0,204,64393471,56767587,7625884,0.000308,1.5581
Hop10Rep2-11,10,2,11,2048,30,0,614,64393471,40418520,23974951,0.000315,0.97735
Hop10Rep2-12,10,2,12,2048,10,0,204,56746946,49272102,7474844,0.000305,1.257108
Hop10Rep2-12,10,2,12,2048,30,0,614,56746946,33509779,23237167,0.00031,0.784351
Hop10Rep2-13,10,2,13,2048,10,0,204,41686472,35956117,5730355,0.000305,0.781798
Hop10Rep2-13,10,2,13,2048,30,0,614,41686472,24807013,16879459,0.000316,0.502163
Hop10Rep2-14,10,2,14,2048,10,0,204,55704154,48512636,7191518,0.000305,1.200359
Hop10Rep2-14,10,2,14,2048,30,0,614,55704154,33473015,22231139,0.000313,0.720249
Hop10Rep2-15,10,2,15,2048,10,0,204,55647682,48254747,7392935,0.000306,1.269604
Hop10Rep2-15,10,2,15,2048,30,0,614,55647682,33543565,22104117,0.000313,0.762356
Hop10Rep2-16,10,2,16,2048,10,0,204,45665750,39426870,6238880,0.000314,0.80485
Hop10Rep2-16,10,2,16,2048,30,0,614,45665750,26718070,18947680,0.000315,0.506736
Hop10Rep2-17,10,2,17,2048,10,0,204,59422284,52073616,7348668,0.000306,1.29755
Hop10Rep2-17,10,2,17,2048,30,0,614,59422284,37816130,21606154,0.000314,0.871071
Hop10Rep2-18,10,2,18,2048,10,0,204,60658557,53591984,7066573,0.00031,1.65758
Hop10Rep2-18,10,2,18,2048,30,0,614,60658557,39694342,20964215,0.000324,1.137188
Hop10Rep2-19,10,2,19,2048,10,0,204,54909824,46646296,8263528,0.000305,0.977549
Hop10Rep2-19,10,2,19,2048,30,0,614,54909824,31065044,23844780,0.000314,0.565083
Hop10Rep4-0,10,4,0,4096,10,0,409,162588845,142643582,19945263,0.000612,3.40421
Hop10Rep4-0,10,4,0,4096,30,0,1228,162588845,103208945,59379900,0.000615,2.505869
Hop10Rep4-1,10,4,1,4096,10,0,409,122760369,108097189,14663180,0.000604,2.71285
Hop10Rep4-1,10,4,1,4096,30,0,1228,122760369,77494346,45266023,0.000611,1.89466
Hop10Rep4-2,10,4,2,4096,10,0,409,164917060,147606587,17310473,0.000605,4.331057
Hop10Rep4-2,10,4,2,4096,30,0,1228,164917060,112425779,52491281,0.000628,3.2451
Hop10Rep4-3,10,4,3,4096,10,0,409,93285194,83082794,10202400,0.000608,2.663076
Hop10Rep4-3,10,4,3,4096,30,0,1228,93285194,62153067,31132127,0.000624,2.048023
Hop10Rep4-4,10,4,4,4096,10,0,409,125720190,111490131,14230059,0.000603,2.640438
Hop10Rep4-4,10,4,4,4096,30,0,1228,125720190,83464341,42255849,0.000617,1.922886
Hop10Rep4-5,10,4,5,4096,10,0,409,118448873,105591341,12857532,0.000606,2.92406
Hop10Rep4-5,10,4,5,4096,30,0,1228,118448873,78510151,39938722,0.000611,2.179197
Hop10Rep4-6,10,4,6,4096,10,0,409,115757936,102268501,13489435,0.000602,2.550399
Hop10Rep4-6,10,4,6,4096,30,0,1228,115757936,75285877,40472059,0.000613,1.785817
Hop10Rep4-7,10,4,7,4096,10,0,409,166413531,148522955,17890576,0.000602,4.592659
Hop10Rep4-7,10,4,7,4096,30,0,1228,166413531,111850043,54563488,0.000616,3.536988
Hop10Rep4-8,10,4,8,4096,10,0,409,161756694,144364780,17391914,0.000602,3.168101
Hop10Rep4-8,10,4,8,4096,30,0,1228,161756694,107912771,53843923,0.000614,2.25682
Hop10Rep4-9,10,4,9,4096,10,0,409,153390208,137139629,16250579,0.000609,4.967115
Hop10Rep4-9,10,4,9,4096,30,0,1228,153390208,102882422,50507786,0.000628,3.775291
Hop10Rep4-10,10,4,10,4096,10,0,409,133507556,115448257,18059299,0.0006,3.065667
Hop10Rep4-10,10,4,10,4096,30,0,1228,133507556,81745058,51762498,0.000615,2.003848
Hop10Rep4-11,10,4,11,4096,10,0,409,140280422,124561829,15718593,0.000604,4.149499
Hop10Rep4-11,10,4,11,4096,30,0,1228,140280422,94386293,45894129,0.000617,3.054675
Hop10Rep4-12,10,4,12,4096,10,0,409,135147084,118898417,16248667,0.000602,3.379495
Hop10Rep4-12,10,4,12,4096,30,0,1228,135147084,87931684,47215400,0.000618,2.306602
Hop10Rep4-13,10,4,13,4096,10,0,409,104258475,91853035,12405440,0.000606,2.353726
Hop10Rep4-13,10,4,13,4096,30,0,1228,104258475,66940415,37318060,0.000616,1.631046
Hop10Rep4-14,10,4,14,4096,10,0,409,133324465,117784162,15540303,0.000615,3.422803
Hop10Rep4-14,10,4,14,4096,30,0,1228,133324465,86642992,46681473,0.000613,2.385381
Hop10Rep4-15,10,4,15,4096,10,0,409,132597653,117588888,15008765,0.000686,4.10275
Hop10Rep4-15,10,4,15,4096,30,0,1228,132597653,87124804,45472849,0.000619,2.830849
Hop10Rep4-16,10,4,16,4096,10,0,409,113649022,99741087,13907935,0.000598,2.580744
Hop10Rep4-16,10,4,16,4096,30,0,1228,113649022,72323458,41325564,0.000622,1.691107
Hop10Rep4-17,10,4,17,4096,10,0,409,144229318,126896494,17332824,0.000619,3.311632
Hop10Rep4-17,10,4,17,4096,30,0,1228,144229318,92753807,51475511,0.000616,2.477822
Hop10Rep4-18,10,4,18,4096,10,0,409,129989088,116591027,13398061,0.00061,3.74755
Hop10Rep4-18,10,4,18,4096,30,0,1228,129989088,89056437,40932651,0.00062,2.892976
Hop10Rep4-19,10,4,19,4096,10,0,409,132300937,116575500,15725437,0.000605,3.060889
Hop10Rep4-19,10,4,19,4096,30,0,1228,132300937,84482833,47818104,0.000617,2.090984
Hop20Rep1-0,20,1,0,1024,10,0,102,61370530,53163294,8207236,0.000158,1.8158
Hop20Rep1-0,20,1,0,1024,30,0,307,61370530,36509972,24860558,0.000163,1.042949
Hop20Rep1-1,20,1,1,1024,10,0,102,58798641,48698377,10100264,0.000156,1.106739
Hop20Rep1-1,20,1,1,1024,30,0,307,58798641,32552837,26245804,0.00016,0.675137
Hop20Rep1-2,20,1,2,1024,10,0,102,36432327,30534345,5897982,0.000157,0.576326
Hop20Rep1-2,20,1,2,1024,30,0,307,36432327,20627836,15804491,0.000162,0.355854
Hop20Rep1-3,20,1,3,1024,10,0,102,44243807,36382009,7861798,0.000161,0.746023
Hop20Rep1-3,20,1,3,1024,30,0,307,44243807,25276784,18967023,0.000165,0.477237
Hop20Rep1-4,20,1,4,1024,10,0,102,41765029,36177260,5587769,0.000158,0.813093
Hop20Rep1-4,20,1,4,1024,30,0,307,41765029,25361983,16403046,0.000163,0.513685
Hop20Rep1-5,20,1,5,1024,10,0,102,39126666,34044920,5081746,0.000157,0.635573
Hop20Rep1-5,20,1,5,1024,30,0,307,39126666,24422741,14703925,0.00016,0.455536
Hop20Rep1-6,20,1,6,1024,10,0,102,45648586,39792986,5855600,0.000157,0.811097
Hop20Rep1-6,20,1,6,1024,30,0,307,45648586,27584890,18063696,0.000164,0.485095
Hop20Rep1-7,20,1,7,1024,10,0,102,38591808,32917435,5674373,0.000162,0.790836
Hop20Rep1-7,20,1,7,1024,30,0,307,38591808,22988366,15603442,0.000158,0.500794
Hop20Rep1-8,20,1,8,1024,10,0,102,43194522,36942192,6252330,0.000164,0.775428
Hop20Rep1-8,20,1,8,1024,30,0,307,43194522,25615394,17579128,0.000163,0.491124
Hop20Rep1-9,20,1,9,1024,10,0,102,54322429,47597962,6724467,0.000158,1.406593
Hop20Rep1-9,20,1,9,1024,30,0,307,54322429,34330805,19991624,0.000164,0.921706
Hop20Rep1-10,20,1,10,1024,10,0,102,28639787,24984756,3655031,0.000155,0.437748
Hop20Rep1-10,20,1,10,1024,30,0,307,28639787,17781194,10858593,0.000165,0.285437
Hop20Rep1-11,20,1,11,1024,10,0,102,37366122,31354904,6011218,0.000156,0.64161
Hop20Rep1-11,20,1,11,1024,30,0,307,37366122,21523308,15842814,0.000162,0.433144
Hop20Rep1-12,20,1,12,1024,10,0,102,58512441,50291182,8221259,0.000155,1.473625
Hop20Rep1-12,20,1,12,1024,30,0,307,58512441,35513223,22999218,0.000162,0.87735
Hop20Rep1-13,20,1,13,1024,10,0,102,29471527,25203787,4267740,0.000156,0.52517
Hop20Rep1-13,20,1,13,1024,30,0,307,29471527,17167787,12303740,0.00016,0.327468
Hop20Rep1-14,20,1,14,1024,10,0,102,56567179,48726210,7840969,0.00016,1.113736
Hop20Rep1-14,20,1,14,1024,30,0,307,56567179,33885743,22681436,0.000161,0.704331
Hop20Rep1-15,20,1,15,1024,10,0,102,50107407,42828371,7279036,0.000156,0.970131
Hop20Rep1-15,20,1,15,1024,30,0,307,50107407,29610234,20497173,0.00016,0.635402
Hop20Rep1-16,20,1,16,1024,10,0,102,46138000,39858928,6279072,0.000157,1.11255
Hop20Rep1-16,20,1,16,1024,30,0,307,46138000,28224275,17913725,0.000165,0.667417
Hop20Rep1-17,20,1,17,1024,10,0,102,23315625,19618006,3697619,0.00016,0.3797
Hop20Rep1-17,20,1,17,1024,30,0,307,23315625,13303173,10012452,0.000161,0.256518
Hop20Rep1-18,20,1,18,1024,10,0,102,38574680,32222749,6351931,0.000159,0.70623
Hop20Rep1-18,20,1,18,1024,30,0,307,38574680,22679814,15894866,0.00016,0.466122
Hop20Rep1-19,20,1,19,1024,10,0,102,50770777,43782445,6988332,0.000155,1.102365
Hop20Rep1-19,20,1,19,1024,30,0,307,50770777,30481405,20289372,0.00016,0.649936
Hop20Rep2-0,20,2,0,2048,10,0,204,142045298,126410552,15634746,0.000323,6.183281
Hop20Rep2-0,20,2,0,2048,30,0,614,142045298,94186007,47859291,0.000313,4.349054
Hop20Rep2-1,20,2,1,2048,10,0,204,146809443,130378042,16431401,0.000304,3.662618
Hop20Rep2-1,20,2,1,2048,30,0,614,146809443,94140270,52669173,0.00031,2.48623
Hop20Rep2-2,20,2,2,2048,10,0,204,106688017,91619387,15068630,0.000306,2.549704
Hop20Rep2-2,20,2,2,2048,30,0,614,106688017,61921334,44766683,0.000314,1.483224
Hop20Rep2-3,20,2,3,2048,10,0,204,117680534,103399950,14280584,0.000308,3.292334
Hop20Rep2-3,20,2,3,2048,30,0,614,117680534,72766754,44913780,0.000312,1.929077
Hop20Rep2-4,20,2,4,2048,10,0,204,108625639,94892652,13732987,0.000305,2.863612
Hop20Rep2-4,20,2,4,2048,30,0,614,108625639,67083861,41541778,0.000315,1.79334
Hop20Rep2-5,20,2,5,2048,10,0,204,102411834,88298652,14113182,0.000302,1.74158
Hop20Rep2-5,20,2,5,2048,30,0,614,102411834,62197352,40214482,0.000316,1.220313
Hop20Rep2-6,20,2,6,2048,10,0,204,116060563,100715585,15344978,0.000305,3.24039
Hop20Rep2-6,20,2,6,2048,30,0,614,116060563,73636878,42423685,0.00031,1.947544
Hop20Rep2-7,20,2,7,2048,10,0,204,110101353,95000994,15100359,0.000304,2.952078
Hop20Rep2-7,20,2,7,2048,30,0,614,110101353,63928524,46172829,0.000315,1.82119
Hop20Rep2-8,20,2,8,2048,10,0,204,119095184,102438375,16656809,0.000307,2.983776
Hop20Rep2-8,20,2,8,2048,30,0,614,119095184,71860768,47234416,0.000315,1.768056
Hop20Rep2-9,20,2,9,2048,10,0,204,124483855,110232071,14251784,0.000303,4.753087
Hop20Rep2-9,20,2,9,2048,30,0,614,124483855,82166662,42317193,0.000318,3.001954
Hop20Rep2-10,20,2,10,2048,10,0,204,79793659,68224027,11569632,0.000308,1.364594
Hop20Rep2-10,20,2,10,2048,30,0,614,79793659,47726847,32066812,0.000312,0.920181
Hop20Rep2-11,20,2,11,2048,10,0,204,104343545,89042632,15300913,0.000307,2.237273
Hop20Rep2-11,20,2,11,2048,30,0,614,104343545,60798446,43545099,0.000313,1.375753
Hop20Rep2-12,20,2,12,2048,10,0,204,134623649,119525024,15098625,0.000304,5.269913
Hop20Rep2-12,20,2,12,2048,30,0,614,134623649,88895831,45727818,0.000314,3.429337
Hop20Rep2-13,20,2,13,2048,10,0,204,87434751,75145012,12289739,0.000306,1.705888
Hop20Rep2-13,20,2,13,2048,30,0,614,87434751,50366763,37067988,0.00031,1.072157
Hop20Rep2-14,20,2,14,2048,10,0,204,143629133,125721050,17908083,0.000304,4.381572
Hop20Rep2-14,20,2,14,2048,30,0,614,143629133,91156344,52472789,0.000311,2.644405
Hop20Rep2-15,20,2,15,2048,10,0,204,129853186,114520049,15333137,0.00031,3.442761
Hop20Rep2-15,20,2,15,2048,30,0,614,129853186,82662763,47190423,0.000319,2.119865
Hop20Rep2-16,20,2,16,2048,10,0,204,117854666,103168875,14685791,0.000305,3.514402
Hop20Rep2-16,20,2,16,2048,30,0,614,117854666,73157218,44697448,0.000315,2.244216
Hop20Rep2-17,20,2,17,2048,10,0,204,73271402,60808021,12463381,0.000311,1.263284
Hop20Rep2-17,20,2,17,2048,30,0,614,73271402,40631081,32640321,0.000311,0.790898
Hop20Rep2-18,20,2,18,2048,10,0,204,105219223,90710906,14508317,0.000305,2.491774
Hop20Rep2-18,20,2,18,2048,30,0,614,105219223,62010777,43208446,0.000313,1.577492
Hop20Rep2-19,20,2,19,2048,10,0,204,132042378,115905516,16136862,0.000309,4.031424
Hop20Rep2-19,20,2,19,2048,30,0,614,132042378,80523295,51519083,0.000315,2.501343
Hop20Rep4-0,20,4,0,4096,10,0,409,302905825,270237326,32668499,0.000606,12.77778
Hop20Rep4-0,20,4,0,4096,30,0,1228,302905825,206088642,96817183,0.000617,9.789766
Hop20Rep4-1,20,4,1,4096,10,0,409,323669773,288870393,34799380,0.000605,9.847329
Hop20Rep4-1,20,4,1,4096,30,0,1228,323669773,218709747,104960026,0.000615,7.075308
Hop20Rep4-2,20,4,2,4096,10,0,409,268046697,237909981,30136716,0.0006,7.363679
Hop20Rep4-2,20,4,2,4096,30,0,1228,268046697,171714981,96331716,0.000612,5.534111
Hop20Rep4-3,20,4,3,4096,10,0,409,270706319,239187044,31519275,0.000604,9.326951
Hop20Rep4-3,20,4,3,4096,30,0,1228,270706319,178590377,92115942,0.000613,6.674086
Hop20Rep4-4,20,4,4,4096,10,0,409,247686783,220168402,27518381,0.000604,8.52476
Hop20Rep4-4,20,4,4,4096,30,0,1228,247686783,164667393,83019390,0.000615,5.846127
Hop20Rep4-5,20,4,5,4096,10,0,409,290694731,245822793,44871938,0.00061,5.698384
Hop20Rep4-5,20,4,5,4096,30,0,1228,290694731,167863856,122830875,0.000617,3.857729
Hop20Rep4-6,20,4,6,4096,10,0,409,268201340,237359608,30841732,0.000603,8.32472
Hop20Rep4-6,20,4,6,4096,30,0,1228,268201340,177261317,90940023,0.000615,6.182272
Hop20Rep4-7,20,4,7,4096,10,0,409,273671808,240770643,32901165,0.0006,8.797987
Hop20Rep4-7,20,4,7,4096,30,0,1228,273671808,174937490,98734318,0.000633,6.156854
Hop20Rep4-8,20,4,8,4096,10,0,409,275995595,244022139,31973456,0.000606,8.11477
Hop20Rep4-8,20,4,8,4096,30,0,1228,275995595,181918951,94076644,0.000623,6.280238
Hop20Rep4-9,20,4,9,4096,10,0,409,262198780,234633737,27565043,0.000606,9.726022
Hop20Rep4-9,20,4,9,4096,30,0,1228,262198780,179695607,82503173,0.000619,7.753937
Hop20Rep4-10,20,4,10,4096,10,0,409,221869310,191408524,30460786,0.000614,4.423463
Hop20Rep4-10,20,4,10,4096,30,0,1228,221869310,132857371,89011939,0.000614,2.792979
Hop20Rep4-11,20,4,11,4096,10,0,409,256418056,225749177,30668879,0.000607,7.548205
Hop20Rep4-11,20,4,11,4096,30,0,1228,256418056,164702465,91715591,0.000612,4.912893
Hop20Rep4-12,20,4,12,4096,10,0,409,288276883,257210198,31066685,0.000604,13.16269
Hop20Rep4-12,20,4,12,4096,30,0,1228,288276883,196158177,92118706,0.000625,9.566707
Hop20Rep4-13,20,4,13,4096,10,0,409,241849401,208836717,33012684,0.000602,5.882266
Hop20Rep4-13,20,4,13,4096,30,0,1228,241849401,147506864,94342537,0.000621,4.106295
Hop20Rep4-14,20,4,14,4096,10,0,409,322548979,287054206,35494773,0.000602,11.999475
Hop20Rep4-14,20,4,14,4096,30,0,1228,322548979,216905454,105643525,0.00062,8.5542
Hop20Rep4-15,20,4,15,4096,10,0,409,295599775,262011051,33588724,0.000604,9.451731
Hop20Rep4-15,20,4,15,4096,30,0,1228,295599775,195116598,100483177,0.000615,6.674129
Hop20Rep4-16,20,4,16,4096,10,0,409,272295349,241669547,30625802,0.000601,8.519461
Hop20Rep4-16,20,4,16,4096,30,0,1228,272295349,182379569,89915780,0.000618,6.509465
Hop20Rep4-17,20,4,17,4096,10,0,409,215201564,185575459,29626105,0.000602,4.332962
Hop20Rep4-17,20,4,17,4096,30,0,1228,215201564,127591861,87609703,0.000617,2.737331
Hop20Rep4-18,20,4,18,4096,10,0,409,257981362,227030663,30950699,0.000609,8.186177
Hop20Rep4-18,20,4,18,4096,30,0,1228,257981362,166035411,91945951,0.000617,5.434743
Hop20Rep4-19,20,4,19,4096,10,0,409,298317793,264160462,34157331,0.000608,9.453924
Hop20Rep4-19,20,4,19,4096,30,0,1228,298317793,198593849,99723944,0.000612,7.428931
Hop40Rep1-0,40,1,0,1024,10,0,102,62292886,54350013,7942873,0.000158,1.069195
Hop40Rep1-0,40,1,0,1024,30,0,307,62292886,37442634,24850252,0.000162,0.710654
Hop40Rep1-1,40,1,1,1024,10,0,102,100812941,87609059,13203882,0.000158,2.376013
Hop40Rep1-1,40,1,1,1024,30,0,307,100812941,59763289,41049652,0.000161,1.334014
Hop40Rep1-2,40,1,2,1024,10,0,102,88524041,75696947,12827094,0.000159,1.559425
Hop40Rep1-2,40,1,2,1024,30,0,307,88524041,53585209,34938832,0.00016,0.987409
Hop40Rep1-3,40,1,3,1024,10,0,102,62750450,53657368,9093082,0.000158,1.222346
Hop40Rep1-3,40,1,3,1024,30,0,307,62750450,36032640,26717810,0.000167,0.746377
Hop40Rep1-4,40,1,4,1024,10,0,102,62003123,54411797,7591326,0.000156,0.972547
Hop40Rep1-4,40,1,4,1024,30,0,307,62003123,39568563,22434560,0.000162,0.6689
Hop40Rep1-5,40,1,5,1024,10,0,102,98425563,85491793,12933770,0.000156,1.867475
Hop40Rep1-5,40,1,5,1024,30,0,307,98425563,62052041,36373522,0.000161,1.350096
Hop40Rep1-6,40,1,6,1024,10,0,102,84867099,73865745,11001354,0.000158,1.528197
Hop40Rep1-6,40,1,6,1024,30,0,307,84867099,53030862,31836237,0.000162,1.056257
Hop40Rep1-7,40,1,7,1024,10,0,102,89851100,77797420,12053680,0.000161,2.014151
Hop40Rep1-7,40,1,7,1024,30,0,307,89851100,54429303,35421797,0.000166,1.314955
Hop40Rep1-8,40,1,8,1024,10,0,102,79741177,66946360,12794817,0.000157,1.770493
Hop40Rep1-8,40,1,8,1024,30,0,307,79741177,46920301,32820876,0.000164,1.144769
Hop40Rep1-9,40,1,9,1024,10,0,102,79467056,70138550,9328506,0.000157,1.494503
Hop40Rep1-9,40,1,9,1024,30,0,307,79467056,50465592,29001464,0.00016,1.007058
Hop40Rep1-10,40,1,10,1024,10,0,102,46438295,40388226,6050069,0.000159,0.785019
Hop40Rep1-10,40,1,10,1024,30,0,307,46438295,29088099,17350196,0.000159,0.543361
Hop40Rep1-11,40,1,11,1024,10,0,102,77561018,68164260,9396758,0.000158,1.356477
Hop40Rep1-11,40,1,11,1024,30,0,307,77561018,49251901,28309117,0.000161,0.903681
Hop40Rep1-12,40,1,12,1024,10,0,102,59773824,52575587,7198237,0.000158,1.039916
Hop40Rep1-12,40,1,12,1024,30,0,307,59773824,39336124,20437700,0.00016,0.693069
Hop40Rep1-13,40,1,13,1024,10,0,102,70069949,61347691,8722258,0.00016,1.419532
Hop40Rep1-13,40,1,13,1024,30,0,307,70069949,44458782,25611167,0.000163,0.935767
Hop40Rep1-14,40,1,14,1024,10,0,102,73806076,64341726,9464350,0.000158,1.380911
Hop40Rep1-14,40,1,14,1024,30,0,307,73806076,46465555,27340521,0.00016,0.88412
Hop40Rep1-15,40,1,15,1024,10,0,102,70369858,61547275,8822583,0.000158,1.291262
Hop40Rep1-15,40,1,15,1024,30,0,307,70369858,45049742,25320116,0.000164,0.874447
Hop40Rep1-16,40,1,16,1024,10,0,102,69978425,60289914,9688511,0.000158,1.426636
Hop40Rep1-16,40,1,16,1024,30,0,307,69978425,42540076,27438349,0.000161,0.903329
Hop40Rep1-17,40,1,17,1024,10,0,102,52782995,46299514,6483481,0.000159,0.800965
Hop40Rep1-17,40,1,17,1024,30,0,307,52782995,33686735,19096260,0.000163,0.570193
Hop40Rep1-18,40,1,18,1024,10,0,102,50969433,44503571,6465862,0.00016,0.832684
Hop40Rep1-18,40,1,18,1024,30,0,307,50969433,32755436,18213997,0.000164,0.612491
Hop40Rep1-19,40,1,19,1024,10,0,102,64622920,56604700,8018220,0.000156,1.086068
Hop40Rep1-19,40,1,19,1024,30,0,307,64622920,40902547,23720373,0.000163,0.753988
Hop40Rep2-0,40,2,0,2048,10,0,204,183334760,158620993,24713767,0.000304,3.895852
Hop40Rep2-0,40,2,0,2048,30,0,614,183334760,106178172,77156588,0.000315,2.418029
Hop40Rep2-1,40,2,1,2048,10,0,204,272502704,234051144,38451560,0.000307,11.451307
Hop40Rep2-1,40,2,1,2048,30,0,614,272502704,163606385,108896319,0.000315,6.77239
Hop40Rep2-2,40,2,2,2048,10,0,204,235824473,203559119,32265354,0.000303,6.496714
Hop40Rep2-2,40,2,2,2048,30,0,614,235824473,142959104,92865369,0.000313,3.782875
Hop40Rep2-3,40,2,3,2048,10,0,204,189130776,158163362,30967414,0.000305,5.467116
Hop40Rep2-3,40,2,3,2048,30,0,614,189130776,107649900,81480876,0.00031,3.057289
Hop40Rep2-4,40,2,4,2048,10,0,204,160372398,137865124,22507274,0.000306,3.08537
Hop40Rep2-4,40,2,4,2048,30,0,614,160372398,95596852,64775546,0.000314,1.923352
Hop40Rep2-5,40,2,5,2048,10,0,204,262149198,224980050,37169148,0.000305,5.062901
Hop40Rep2-5,40,2,5,2048,30,0,614,262149198,157363887,104785311,0.000317,3.491643
Hop40Rep2-6,40,2,6,2048,10,0,204,218858438,190205624,28652814,0.000306,4.652161
Hop40Rep2-6,40,2,6,2048,30,0,614,218858438,133920911,84937527,0.000311,2.990524
Hop40Rep2-7,40,2,7,2048,10,0,204,247936639,214920000,33016639,0.000308,9.605214
Hop40Rep2-7,40,2,7,2048,30,0,614,247936639,149526738,98409901,0.000313,5.348367
Hop40Rep2-8,40,2,8,2048,10,0,204,255380646,219143584,36237062,0.000305,8.270789
Hop40Rep2-8,40,2,8,2048,30,0,614,255380646,143785825,111594821,0.000311,4.244202
Hop40Rep2-9,40,2,9,2048,10,0,204,207730769,177257586,30473183,0.000305,4.565056
Hop40Rep2-9,40,2,9,2048,30,0,614,207730769,126231078,81499691,0.000321,2.834538
Hop40Rep2-10,40,2,10,2048,10,0,204,120399675,104501925,15897750,0.000305,2.178878
Hop40Rep2-10,40,2,10,2048,30,0,614,120399675,73982246,46417429,0.000319,1.504685
Hop40Rep2-11,40,2,11,2048,10,0,204,208447749,178307405,30140344,0.000309,3.857492
Hop40Rep2-11,40,2,11,2048,30,0,614,208447749,124150506,84297243,0.000313,2.571508
Hop40Rep2-12,40,2,12,2048,10,0,204,152002746,130368557,21634189,0.000305,3.230661
Hop40Rep2-12,40,2,12,2048,30,0,614,152002746,93459750,58542996,0.000309,2.06983
Hop40Rep2-13,40,2,13,2048,10,0,204,197723662,166221334,31502328,0.000307,4.70378
Hop40Rep2-13,40,2,13,2048,30,0,614,197723662,11