dataset,run_id,hop,rep,seed,query_count,selection_method,selection_fraction,random_seed,selected_count,lambda,reroute_method,impact_weight,total_before,tdg_after,tdg_prepare_sec,normalize_sec,reroute_sec,evaluate_after_sec,method_total_sec,mean_selected_impact_score,mean_all_query_impact_score,tdg_node_count,tdg_edge_timeline_count,normal_after,normal_reroute_sec,normal_evaluate_after_sec,normal_total_sec,normal_reduction,tdg_reduction,gain_vs_normal,pct_vs_normal_after,pct_extra_reduction_vs_normal,pct_of_total_before,tdg_better,extra_total_sec,extra_reroute_sec,best_gain_vs_normal,best_pct_vs_normal_after
Hop10Rep1-0,Hop10Rep1-0_random30_tdg_impact_w5,10,1,0,1024,random,30,0,307,45,tdg_impact_reroute,5,27030182,24610151,0.11091,0.003442,0.075611,0.369505,0.559468,1306707.7329,1318447.57227,14795,14795,24728907,0.010075,0.362282,0.372357,2301275,2420031,118756,0.4802314958764656,5.160443667097587,0.43934591339414586,True,0.18711099999999997,0.065536,118756,0.4802314958764656
Hop10Rep1-1,Hop10Rep1-1_random30_tdg_impact_w15,10,1,1,1024,random,30,0,307,45,tdg_impact_reroute,15,16105706,13054745,0.069652,0.00226,0.025551,0.157775,0.255238,685824.13355,673635.726562,9824,9824,13453574,0.005878,0.170723,0.176601,2652132,3050961,398829,2.9644836383253996,15.038052404631443,2.476321124947891,True,0.07863700000000001,0.019673,398829,2.9644836383253996
Hop10Rep1-10,Hop10Rep1-10_random30_tdg_impact_w15,10,1,10,1024,random,30,0,307,45,tdg_impact_reroute,15,17077467,14541030,0.08268,0.002638,0.034027,0.177711,0.297056,758005.579805,766727.28125,11845,11845,14592158,0.005752,0.197133,0.202885,2485309,2536437,51128,0.3503799780676717,2.057208982866919,0.29938866226472577,True,0.09417099999999998,0.028275,51128,0.3503799780676717
Hop10Rep1-11,Hop10Rep1-11_random30_tdg_impact_w100,10,1,11,1024,random,30,0,307,45,tdg_impact_reroute,100,23999457,18401443,0.083652,0.002584,0.020904,0.231141,0.338281,1222912.92182,1234836.51465,10523,10523,20140367,0.006156,0.262359,0.268515,3859090,5598014,1738924,8.634023401857572,45.060467623196146,7.245680600190246,True,0.069766,0.014747999999999999,1738924,8.634023401857572
Hop10Rep1-12,Hop10Rep1-12_random30_tdg_impact_w5,10,1,12,1024,random,30,0,307,45,tdg_impact_reroute,5,18957851,16059086,0.079914,0.002688,0.037119,0.197743,0.317464,944610.508143,899277.772461,10836,10836,16147775,0.005261,0.204989,0.21025,2810076,2898765,88689,0.5492335631379556,3.1561068099225786,0.4678220121046421,True,0.10721400000000003,0.031858,88689,0.5492335631379556
Hop10Rep1-13,Hop10Rep1-13_random30_tdg_impact_w15,10,1,13,1024,random,30,0,307,45,tdg_impact_reroute,15,14008382,11852399,0.060566,0.001953,0.035077,0.135374,0.23297,595187.85342,586555.364258,8541,8541,12268031,0.015086,0.14892,0.164006,1740351,2155983,415632,3.3879275329512946,23.882078959933946,2.9670236005842785,True,0.068964,0.019990999999999995,415632,3.3879275329512946
Hop10Rep1-14,Hop10Rep1-14_random30_tdg_impact_w30,10,1,14,1024,random,30,0,307,45,tdg_impact_reroute,30,19923136,15795942,0.078702,0.002473,0.028442,0.184383,0.294,949637.65798,938647.929688,10606,10606,16444810,0.00842,0.199262,0.207682,3478326,4127194,648868,3.945731206380615,18.654605692508408,3.2568567518687823,True,0.08631799999999998,0.020021999999999998,648868,3.945731206380615
Hop10Rep1-15,Hop10Rep1-15_random30_tdg_impact_w0,10,1,15,1024,random,30,0,307,45,tdg_impact_reroute,0,19115140,17281136,0.080533,0.002368,0.040161,0.216988,0.34005,921587.680782,923908.845703,10937,10937,17281136,0.006324,0.219639,0.225963,1834004,1834004,0,0.0,0.0,0.0,False,0.11408700000000002,0.033837000000000006,0,0.0
Hop10Rep1-16,Hop10Rep1-16_random30_tdg_impact_w5,10,1,16,1024,random,30,0,307,45,tdg_impact_reroute,5,15597648,13212757,0.069467,0.002362,0.028895,0.155318,0.256042,669479.371336,680319.885742,9939,9939,13270944,0.006459,0.164834,0.171293,2326704,2384891,58187,0.43845411449253346,2.5008337975092667,0.37304983418012766,True,0.08474899999999999,0.022436,58187,0.43845411449253346
Hop10Rep1-17,Hop10Rep1-17_random30_tdg_impact_w0,10,1,17,1024,random,30,0,307,45,tdg_impact_reroute,0,24413857,22443335,0.101277,0.003109,0.057788,0.311946,0.47412,1253789.90228,1206964.02539,13310,13310,22443335,0.012101,0.311014,0.323115,1970522,1970522,0,0.0,0.0,0.0,False,0.151005,0.045687,0,0.0
Hop10Rep1-18,Hop10Rep1-18_random30_tdg_impact_w30,10,1,18,1024,random,30,0,307,45,tdg_impact_reroute,30,25970157,24277731,0.086105,0.002195,0.099247,0.431134,0.618681,1662126.27687,1593214.4873,9150,9150,24429464,0.011544,0.467329,0.478873,1540693,1692426,151733,0.6211065457678482,9.848360445591691,0.5842590786031829,True,0.13980800000000004,0.087703,151733,0.6211065457678482
Hop10Rep1-19,Hop10Rep1-19_random30_tdg_impact_w15,10,1,19,1024,random,30,0,307,45,tdg_impact_reroute,15,18471203,16003314,0.07536,0.002216,0.03785,0.167069,0.282495,676266.309446,686346.414062,10398,10398,16201462,0.012502,0.174267,0.186769,2269741,2467889,198148,1.2230254281990105,8.729982848263305,1.072740091698413,True,0.095726,0.025348000000000002,198148,1.2230254281990105
Hop10Rep1-2,Hop10Rep1-2_random30_tdg_impact_w15,10,1,2,1024,random,30,0,307,45,tdg_impact_reroute,15,29257903,26653359,0.102912,0.002972,0.052015,0.382894,0.540793,1690132.90554,1758360.03809,11883,11883,26900299,0.006489,0.397751,0.40424,2357604,2604544,246940,0.9179823614599971,10.474193291154918,0.8440112744922287,True,0.13655299999999998,0.045526,246940,0.9179823614599971
Hop10Rep1-3,Hop10Rep1-3_random30_tdg_impact_w30,10,1,3,1024,random,30,0,307,45,tdg_impact_reroute,30,15903591,12691098,0.057204,0.001702,0.019953,0.147176,0.226035,761982.368078,782224.974609,7242,7242,13083136,0.005671,0.157376,0.163047,2820455,3212493,392038,2.9965139856376943,13.899814037096853,2.465091060251738,True,0.06298800000000002,0.014282,392038,2.9965139856376943
Hop10Rep1-4,Hop10Rep1-4_random30_tdg_impact_w30,10,1,4,1024,random,30,0,307,45,tdg_impact_reroute,30,22706139,18800640,0.070955,0.002163,0.022387,0.177962,0.273467,862844.631922,834975.416016,9306,9306,18828806,0.004619,0.186748,0.191367,3877333,3905499,28166,0.1495899421344083,0.7264271601123762,0.12404574815647873,True,0.0821,0.017768,28166,0.1495899421344083
Hop10Rep1-5,Hop10Rep1-5_random30_tdg_impact_w15,10,1,5,1024,random,30,0,307,45,tdg_impact_reroute,15,18340040,14025109,0.069218,0.002155,0.022288,0.167919,0.26158,835912.70684,849476.541016,8931,8931,14315996,0.018694,0.190175,0.208869,4024044,4314931,290887,2.03190193682647,7.2287231451743565,1.5860761481436245,True,0.05271099999999998,0.003594,290887,2.03190193682647
Hop10Rep1-6,Hop10Rep1-6_random30_tdg_impact_w5,10,1,6,1024,random,30,0,307,45,tdg_impact_reroute,5,14713545,13109005,0.0652,0.002309,0.036424,0.160042,0.263975,572300.452769,581799.245117,9393,9393,13319114,0.006719,0.161775,0.168494,1394431,1604540,210109,1.5774998246880385,15.067722963703476,1.42799712781658,True,0.09548100000000001,0.029705,210109,1.5774998246880385
Hop10Rep1-7,Hop10Rep1-7_random30_tdg_impact_w15,10,1,7,1024,random,30,0,307,45,tdg_impact_reroute,15,29930878,24181486,0.099684,0.002673,0.036191,0.284387,0.422935,1443061.83062,1493847.52344,12157,12157,24637480,0.013824,0.320997,0.334821,5293398,5749392,455994,1.8508142878248912,8.61439098288094,1.5234902230398988,True,0.08811400000000003,0.022367,455994,1.8508142878248912
Hop10Rep1-8,Hop10Rep1-8_random30_tdg_impact_w15,10,1,8,1024,random,30,0,307,45,tdg_impact_reroute,15,23006298,17924853,0.090678,0.003008,0.036013,0.206838,0.336537,919641.140065,932298.420898,12596,12596,19053190,0.006716,0.231824,0.23854,3953108,5081445,1128337,5.922037202169295,28.543034999296758,4.904470071629951,True,0.09799699999999997,0.029297000000000004,1128337,5.922037202169295
Hop10Rep1-9,Hop10Rep1-9_random30_tdg_impact_w50,10,1,9,1024,random,30,0,307,45,tdg_impact_reroute,50,28055401,21006252,0.096683,0.002725,0.037944,0.243252,0.380604,1647363.4886,1607826.04004,11533,11533,22544973,0.018197,0.270858,0.289055,5510428,7049149,1538721,6.825117954233079,27.92380192609358,5.484580313074121,True,0.09154899999999999,0.019746999999999997,1538721,6.825117954233079
Hop10Rep2-0,Hop10Rep2-0_random30_tdg_impact_w30,10,2,0,2048,random,30,0,614,45,tdg_impact_reroute,30,66208060,60316054,0.24487,0.005949,0.155459,1.035566,1.441844,1573766.57655,1561684.8335,27959,27959,61838740,0.013701,1.069127,1.082828,4369320,5892006,1522686,2.4623496533079425,34.84949603141907,2.2998498974294064,True,0.359016,0.14175800000000002,1522686,2.4623496533079425
Hop10Rep2-1,Hop10Rep2-1_random30_tdg_impact_w100,10,2,1,2048,random,30,0,614,45,tdg_impact_reroute,100,48635891,41290629,0.162261,0.004347,0.039357,0.582032,0.787997,1283409.75081,1292575.6582,18843,18843,41814722,0.011497,0.601735,0.613232,6821169,7345262,524093,1.253369566823857,7.68333111230641,1.077584864231232,True,0.17476499999999995,0.027860000000000003,524093,1.253369566823857
Hop10Rep2-10,Hop10Rep2-10_random30_tdg_impact_w30,10,2,10,2048,random,30,0,614,45,tdg_impact_reroute,30,51539662,43278722,0.185759,0.004647,0.056799,0.620945,0.86815,1232254.29316,1199832.84619,22613,22613,46033999,0.011382,0.693938,0.70532,5505663,8260940,2755277,5.985308814904393,50.04441790207647,5.345935330348111,True,0.16283000000000003,0.045417,2755277,5.985308814904393
Hop10Rep2-11,Hop10Rep2-11_random30_tdg_impact_w100,10,2,11,2048,random,30,0,614,45,tdg_impact_reroute,100,64393471,55289119,0.209893,0.004445,0.04098,0.912002,1.16732,1772516.18567,1768689.33154,19097,19097,57555400,0.010826,1.011875,1.022701,6838071,9104352,2266281,3.937564503070085,33.14210981430289,3.519426682248578,True,0.14461899999999983,0.030154,2266281,3.937564503070085
Hop10Rep2-12,Hop10Rep2-12_random30_tdg_impact_w15,10,2,12,2048,random,30,0,614,45,tdg_impact_reroute,15,56746946,50042097,0.18823,0.004339,0.055946,0.80279,1.051305,1482432.50814,1459738.84912,19951,19951,50493268,0.014957,0.804223,0.81918,6253678,6704849,451171,0.8935270341384915,7.214490416679592,0.7950577639896251,True,0.23212499999999991,0.040989000000000005,451171,0.8935270341384915
Hop10Rep2-13,Hop10Rep2-13_random30_tdg_impact_w100,10,2,13,2048,random,30,0,614,45,tdg_impact_reroute,100,41686472,37265700,0.141584,0.004213,0.048635,0.470231,0.664663,1109744.01303,1044342.07959,16579,16579,38219677,0.016421,0.542242,0.558663,3466795,4420772,953977,2.4960362694849567,27.517548629209397,2.288457032295753,True,0.10599999999999998,0.03221399999999999,953977,2.4960362694849567
Hop10Rep2-14,Hop10Rep2-14_random30_tdg_impact_w30,10,2,14,2048,random,30,0,614,45,tdg_impact_reroute,30,55704154,44491284,0.204513,0.004965,0.060742,0.667701,0.937921,1877845.09446,1827766.49902,20654,20654,45398390,0.015086,0.693259,0.708345,10305764,11212870,907106,1.9981016947957846,8.801928707080814,1.628435107370987,True,0.229576,0.045655999999999995,907106,1.9981016947957846
Hop10Rep2-15,Hop10Rep2-15_random30_tdg_impact_w100,10,2,15,2048,random,30,0,614,45,tdg_impact_reroute,100,55647682,54550971,0.201629,0.004334,0.087854,0.827959,1.121776,1788543.05049,1768668.15186,21066,21066,54978305,0.013249,0.89413,0.907379,669377,1096711,427334,0.7772775097377047,63.8405562186929,0.7679277638195244,True,0.21439700000000006,0.074605,427334,0.7772775097377047
Hop10Rep2-16,Hop10Rep2-16_random30_tdg_impact_w30,10,2,16,2048,random,30,0,614,45,tdg_impact_reroute,30,45665750,37561257,0.160272,0.003925,0.049396,0.504427,0.71802,1174471.81922,1144969.28857,19383,19383,39076019,0.011279,0.539339,0.550618,6589731,8104493,1514762,3.8764491336745435,22.98670461662244,3.31706366368668,True,0.16740199999999994,0.038117,1514762,3.8764491336745435
Hop10Rep2-17,Hop10Rep2-17_random30_tdg_impact_w50,10,2,17,2048,random,30,0,614,45,tdg_impact_reroute,50,59422284,54077726,0.221471,0.005574,0.110413,0.920846,1.258304,1275822.3241,1275654.77295,24587,24587,55893489,0.01148,0.940967,0.952447,3528795,5344558,1815763,3.2486127319767064,51.455610201216,3.055693719211466,True,0.30585700000000005,0.098933,1815763,3.2486127319767064
Hop10Rep2-18,Hop10Rep2-18_random30_tdg_impact_w50,10,2,18,2048,random,30,0,614,45,tdg_impact_reroute,50,60658557,57660170,0.191221,0.003735,0.24689,1.240793,1.682639,1768869.98697,1774374.95898,15555,15555,57947270,0.008056,1.305127,1.313183,2711287,2998387,287100,0.495450432781389,10.589067110932927,0.4733050276814201,True,0.369456,0.238834,287100,0.495450432781389
Hop10Rep2-19,Hop10Rep2-19_random30_tdg_impact_w100,10,2,19,2048,random,30,0,614,45,tdg_impact_reroute,100,54909824,46264547,0.17731,0.004311,0.051016,0.595819,0.828456,1227910.78013,1269042.32715,19770,19770,49047471,0.01154,0.6434,0.65494,5862353,8645277,2782924,5.673939844931047,47.47110929689836,5.0681714077247815,True,0.173516,0.039476,2782924,5.673939844931047
Hop10Rep2-2,Hop10Rep2-2_random30_tdg_impact_w30,10,2,2,2048,random,30,0,614,45,tdg_impact_reroute,30,76065730,69443848,0.234071,0.004889,0.153193,1.400712,1.792865,2247026.69544,2180439.46826,22037,22037,69674735,0.009766,1.334988,1.344754,6390995,6621882,230887,0.3313783683569087,3.612692546309299,0.30353616536645345,True,0.4481109999999999,0.143427,230887,0.3313783683569087
Hop10Rep2-3,Hop10Rep2-3_random30_tdg_impact_w15,10,2,3,2048,random,30,0,614,45,tdg_impact_reroute,15,40823735,34135556,0.147142,0.003248,0.048892,0.563769,0.763051,1537367.95114,1487832.77832,13694,13694,35700275,0.013454,0.591203,0.604657,5123460,6688179,1564719,4.3829326244685785,30.540279420547833,3.8328658561006237,True,0.15839400000000003,0.035438,1564719,4.3829326244685785
Hop10Rep2-4,Hop10Rep2-4_random30_tdg_impact_w50,10,2,4,2048,random,30,0,614,45,tdg_impact_reroute,50,56344634,50739433,0.16097,0.003506,0.041785,0.683663,0.889924,1182343.59446,1196491.31494,16530,16530,50792949,0.010221,0.717993,0.728214,5551685,5605201,53516,0.10536108072795695,0.9639595906468037,0.09497976329032504,True,0.16171000000000002,0.031564,53516,0.10536108072795695
Hop10Rep2-5,Hop10Rep2-5_random30_tdg_impact_w30,10,2,5,2048,random,30,0,614,45,tdg_impact_reroute,30,50861935,38904835,0.165713,0.004037,0.039256,0.579398,0.788404,1629731.6759,1588900.55518,17064,17064,42479945,0.010694,0.632827,0.643521,8381990,11957100,3575110,8.41599488888227,42.652281856695126,7.029048344306996,True,0.14488299999999998,0.028561999999999997,3575110,8.41599488888227
Hop10Rep2-6,Hop10Rep2-6_random30_tdg_impact_w5,10,2,6,2048,random,30,0,614,45,tdg_impact_reroute,5,47806481,42555690,0.152142,0.00416,0.067468,0.613705,0.837475,1090862.90065,1099000.82666,17788,17788,43445131,0.012883,0.602706,0.615589,4361350,5250791,889441,2.0472742963992907,20.39370837011476,1.8605029723898732,True,0.22188599999999992,0.054585,889441,2.0472742963992907
Hop10Rep2-7,Hop10Rep2-7_random30_tdg_impact_w50,10,2,7,2048,random,30,0,614,45,tdg_impact_reroute,50,74090852,61093933,0.270487,0.005267,0.056876,1.010761,1.343391,2354322.07329,2331705.10303,22514,22514,63871113,0.014741,1.14929,1.164031,10219739,12996919,2777180,4.348100212376133,27.174666593735907,3.7483439925889908,True,0.17935999999999996,0.042135000000000006,2777180,4.348100212376133
Hop10Rep2-8,Hop10Rep2-8_random30_tdg_impact_w100,10,2,8,2048,random,30,0,614,45,tdg_impact_reroute,100,71464715,55976457,0.199721,0.004864,0.039292,0.675048,0.918925,1219520.44625,1203342.28955,22521,22521,59399349,0.00999,0.76949,0.77948,12065366,15488258,3422892,5.762507599199446,28.369566244405682,4.789625201751662,True,0.13944500000000004,0.029302,3422892,5.762507599199446
Hop10Rep2-9,Hop10Rep2-9_random30_tdg_impact_w50,10,2,9,2048,random,30,0,614,45,tdg_impact_reroute,50,68615912,56045632,0.246405,0.004765,0.048543,1.015096,1.314809,2769465.61564,2771861.2998,21547,21547,56893938,0.013487,1.022626,1.036113,11721974,12570280,848306,1.4910305558388313,7.236886892941411,1.2363109011798896,True,0.27869599999999983,0.035056000000000004,848306,1.4910305558388313
Hop10Rep4-0,Hop10Rep4-0_random30_tdg_impact_w30,10,4,0,4096,random,30,0,1228,45,tdg_impact_reroute,30,162588845,148531708,0.496453,0.010939,0.287238,2.900814,3.695444,1466714.80537,1481199.07275,46719,46719,152959380,0.024966,3.085624,3.11059,9629465,14057137,4427672,2.8946717749509707,45.98045685819513,2.723232334912029,True,0.584854,0.262272,4427672,2.8946717749509707
Hop10Rep4-1,Hop10Rep4-1_random30_tdg_impact_w100,10,4,1,4096,random,30,0,1228,45,tdg_impact_reroute,100,122760369,108335148,0.351714,0.006608,0.072918,1.964831,2.396071,1326401.47883,1333428.34229,30414,30414,112823263,0.013782,1.999284,2.013066,9937106,14425221,4488115,3.9780049616185984,45.16521208488668,3.6559966677845357,True,0.38300500000000026,0.059135999999999994,4488115,3.9780049616185984
Hop10Rep4-10,Hop10Rep4-10_random30_tdg_impact_w100,10,4,10,4096,random,30,0,1228,45,tdg_impact_reroute,100,133507556,120396651,0.426769,0.00875,0.071127,2.014622,2.521268,1626206.34121,1613237.05249,39152,39152,126840931,0.024698,2.271895,2.296593,6666625,13110905,6444280,5.0805997316434075,96.66480415502598,4.826902830877977,True,0.22467499999999996,0.046429,6444280,5.0805997316434075
Hop10Rep4-11,Hop10Rep4-11_random30_tdg_impact_w100,10,4,11,4096,random,30,0,1228,45,tdg_impact_reroute,100,140280422,132859949,0.443153,0.006151,0.066833,2.70198,3.218117,1859392.7101,1846867.30322,29370,29370,139372050,0.017527,3.020715,3.038242,908372,7420473,6512101,4.67245835875988,716.8980329644684,4.642202316728132,True,0.179875,0.049306,6512101,4.67245835875988
Hop10Rep4-12,Hop10Rep4-12_random30_tdg_impact_w50,10,4,12,4096,random,30,0,1228,45,tdg_impact_reroute,50,135147084,138630789,0.395174,0.006458,0.088325,2.851829,3.341786,1537066.57573,1561944.87402,30960,30960,141009777,0.020539,2.83305,2.853589,-5862693,-3483705,2378988,1.68710854709032,-40.57841677877385,1.7602954718579054,True,0.488197,0.067786,2378988,1.68710854709032
Hop10Rep4-13,Hop10Rep4-13_random30_tdg_impact_w5,10,4,13,4096,random,30,0,1228,45,tdg_impact_reroute,5,104258475,97200962,0.297594,0.006638,0.16095,1.656498,2.12168,1076163.46173,1104832.07959,27598,27598,97619919,0.020121,1.678843,1.698964,6638556,7057513,418957,0.42917163248209617,6.310965818470161,0.4018445502871589,True,0.4227160000000001,0.140829,418957,0.42917163248209617
Hop10Rep4-14,Hop10Rep4-14_random30_tdg_impact_w30,10,4,14,4096,random,30,0,1228,45,tdg_impact_reroute,30,133324465,116055737,0.402741,0.007099,0.101544,2.125771,2.637155,1652076.09853,1657768.05811,33864,33864,117758766,0.021678,2.203842,2.22552,15565699,17268728,1703029,1.4462014658000069,10.940909238961899,1.2773567101881864,True,0.411635,0.07986599999999999,1703029,1.4462014658000069
Hop10Rep4-15,Hop10Rep4-15_random30_tdg_impact_w100,10,4,15,4096,random,30,0,1228,45,tdg_impact_reroute,100,132597653,140053000,0.457242,0.008088,0.167729,3.132226,3.765285,2029761.87215,2027854.55127,36554,36554,141454073,0.024052,3.242367,3.266419,-8856420,-7455347,1401073,0.9904790793828891,-15.819857233509701,1.0566348410405122,True,0.49886600000000003,0.143677,1401073,0.9904790793828891
Hop10Rep4-16,Hop10Rep4-16_random30_tdg_impact_w30,10,4,16,4096,random,30,0,1228,45,tdg_impact_reroute,30,113649022,105830789,0.347002,0.007189,0.090048,1.644442,2.088681,1238773.58713,1261305.56885,33279,33279,107482111,0.017494,1.731815,1.749309,6166911,7818233,1651322,1.5363691544912064,26.77713364113735,1.4530015049315603,True,0.3393719999999998,0.07255400000000001,1651322,1.5363691544912064
Hop10Rep4-17,Hop10Rep4-17_random30_tdg_impact_w50,10,4,17,4096,random,30,0,1228,45,tdg_impact_reroute,50,144229318,133532402,0.444445,0.008845,0.221922,2.57817,3.253382,1234149.34528,1278733.75464,39963,39963,138321224,0.019242,2.649755,2.668997,5908094,10696916,4788822,3.4621020993857026,81.05527772577756,3.320283328248144,True,0.5843850000000002,0.20268,4788822,3.4621020993857026
Hop10Rep4-18,Hop10Rep4-18_random30_tdg_impact_w5,10,4,18,4096,random,30,0,1228,45,tdg_impact_reroute,5,129989088,126271999,0.360175,0.004494,0.583376,3.032154,3.980199,1607978.1816,1588978.63623,21032,21032,126397146,0.012971,3.060873,3.073844,3591942,3717089,125147,0.09901093811089691,3.484104141993384,0.09627500425266465,True,0.906355,0.570405,125147,0.09901093811089691
Hop10Rep4-19,Hop10Rep4-19_random30_tdg_impact_w100,10,4,19,4096,random,30,0,1228,45,tdg_impact_reroute,100,132300937,121387111,0.382029,0.007098,0.096336,2.026365,2.511828,1446028.0228,1456694.52246,32612,32612,128496678,0.020089,2.212202,2.232291,3804259,10913826,7109567,5.532880001769384,186.8844103411466,5.373784314165515,True,0.2795369999999999,0.07624700000000001,7109567,5.532880001769384
Hop10Rep4-2,Hop10Rep4-2_random30_tdg_impact_w0,10,4,2,4096,random,30,0,1228,45,tdg_impact_reroute,0,164917060,158319063,0.455264,0.006498,0.365995,3.644575,4.472332,1840387.42182,1865301.31812,30445,30445,158319063,0.028175,3.797899,3.826074,6597997,6597997,0,0.0,0.0,0.0,False,0.6462579999999996,0.33782,0,0.0
Hop10Rep4-3,Hop10Rep4-3_random30_tdg_impact_w15,10,4,3,4096,random,30,0,1228,45,tdg_impact_reroute,15,93285194,87375355,0.2775,0.004838,0.089821,1.689789,2.061948,1148635.28094,1164125.64014,21214,21214,87914234,0.018058,1.676246,1.694304,5370960,5909839,538879,0.6129598990761838,10.033197044848594,0.5776683060765249,True,0.3676440000000001,0.071763,538879,0.6129598990761838
Hop10Rep4-4,Hop10Rep4-4_random30_tdg_impact_w30,10,4,4,4096,random,30,0,1228,45,tdg_impact_reroute,30,125720190,122770996,0.319125,0.006088,0.075621,2.057608,2.458442,1334331.39739,1331030.9397,25166,25166,123447935,0.014882,2.194437,2.209319,2272255,2949194,676939,0.5483599219379409,29.79150667508708,0.5384489158026249,True,0.24912299999999998,0.060738999999999994,676939,0.5483599219379409
Hop10Rep4-5,Hop10Rep4-5_random30_tdg_impact_w100,10,4,5,4096,random,30,0,1228,45,tdg_impact_reroute,100,118448873,104602330,0.330963,0.005706,0.058557,1.871191,2.266417,1369187.87215,1392478.0415,25870,25870,106676643,0.01986,1.958954,1.978814,11772230,13846543,2074313,1.9444865733167098,17.620391378693757,1.751230676546834,True,0.28760300000000005,0.038696999999999995,2074313,1.9444865733167098
Hop10Rep4-6,Hop10Rep4-6_random30_tdg_impact_w0,10,4,6,4096,random,30,0,1228,45,tdg_impact_reroute,0,115757936,120013986,0.334229,0.00671,0.119092,2.127797,2.587828,1327587.99919,1360649.86938,29326,29326,120013986,0.021712,2.158925,2.180637,-4256050,-4256050,0,0.0,-0.0,0.0,False,0.4071910000000001,0.09738000000000001,0,0.0
Hop10Rep4-7,Hop10Rep4-7_random30_tdg_impact_w50,10,4,7,4096,random,30,0,1228,45,tdg_impact_reroute,50,166413531,151329575,0.467495,0.006944,0.105467,3.099021,3.678927,1709753.11156,1755309.35205,30367,30367,155554245,0.022176,3.241081,3.263257,10859286,15083956,4224670,2.715882167021543,38.90375481408262,2.5386577489302837,True,0.41567,0.083291,4224670,2.715882167021543
Hop10Rep4-8,Hop10Rep4-8_random30_tdg_impact_w100,10,4,8,4096,random,30,0,1228,45,tdg_impact_reroute,100,161756694,143489866,0.407433,0.007103,0.067541,2.063466,2.545543,1474455.60586,1472166.5708,34126,34126,154475358,0.015626,2.479976,2.495602,7281336,18266828,10985492,7.111485056406214,150.871927898946,6.791367781045278,True,0.04994100000000001,0.051915,10985492,7.111485056406214
Hop10Rep4-9,Hop10Rep4-9_random30_tdg_impact_w50,10,4,9,4096,random,30,0,1228,45,tdg_impact_reroute,50,153390208,131029795,0.491488,0.006897,0.088385,2.995214,3.581984,1947486.27362,1966784.29224,30930,30930,133618136,0.020941,3.029302,3.050243,19772072,22360413,2588341,1.9371180271516435,13.090894065123775,1.68742257654413,True,0.5317409999999998,0.067444,2588341,1.9371180271516435
Hop20Rep1-0,Hop20Rep1-0_random30_tdg_impact_w100,20,1,0,1024,random,30,0,307,45,tdg_impact_reroute,100,61370530,51517268,0.251236,0.004851,0.043631,0.884852,1.18457,6904028.77199,6577904.45215,21681,21681,55011606,0.018336,1.015165,1.033501,6358924,9853262,3494338,6.352001430389071,54.95171824667192,5.693837090864296,True,0.1510689999999999,0.025295,3494338,6.352001430389071
Hop20Rep1-1,Hop20Rep1-1_random30_tdg_impact_w15,20,1,1,1024,random,30,0,307,45,tdg_impact_reroute,15,58798641,41116827,0.20822,0.005749,0.046474,0.567307,0.82775,3351070.93485,3323795.07227,24820,24820,47380839,0.018707,0.688131,0.706838,11417802,17681814,6264012,13.220559475529761,54.86180264818044,10.653327854975423,True,0.12091200000000002,0.027767,6264012,13.220559475529761
Hop20Rep1-10,Hop20Rep1-10_random30_tdg_impact_w5,20,1,10,1024,random,30,0,307,45,tdg_impact_reroute,5,28639787,24831800,0.140548,0.004501,0.052342,0.276824,0.474215,1230597.52769,1233166.9209,20732,20732,25473891,0.016362,0.302152,0.318514,3165896,3807987,642091,2.520584703765907,20.281493769852197,2.24195452291597,True,0.15570099999999998,0.03598,642091,2.520584703765907
Hop20Rep1-11,Hop20Rep1-11_random30_tdg_impact_w15,20,1,11,1024,random,30,0,307,45,tdg_impact_reroute,15,37366122,29130858,0.163064,0.00472,0.039289,0.386552,0.593625,1858816.20847,1908873.61426,21981,21981,30288821,0.008527,0.417004,0.425531,7077301,8235264,1157963,3.823070564549211,16.361646904660407,3.098964885893163,True,0.16809399999999997,0.030761999999999998,1157963,3.823070564549211
Hop20Rep1-12,Hop20Rep1-12_random30_tdg_impact_w100,20,1,12,1024,random,30,0,307,45,tdg_impact_reroute,100,58512441,51293617,0.211076,0.004388,0.045305,0.819815,1.080584,4631974.07492,4681260.65137,20795,20795,55124071,0.014938,1.188105,1.203043,3388370,7218824,3830454,6.948786492927926,113.04709934275184,6.546392415930827,True,-0.1224590000000001,0.030366999999999998,3830454,6.948786492927926
Hop20Rep1-13,Hop20Rep1-13_random30_tdg_impact_w0,20,1,13,1024,random,30,0,307,45,tdg_impact_reroute,0,29471527,26664491,0.148608,0.004852,0.061394,0.366028,0.580882,1354305.44625,1415354.96094,21153,21153,26664491,0.007358,0.36819,0.375548,2807036,2807036,0,0.0,0.0,0.0,False,0.20533400000000002,0.054036,0,0.0
Hop20Rep1-14,Hop20Rep1-14_random30_tdg_impact_w100,20,1,14,1024,random,30,0,307,45,tdg_impact_reroute,100,56567179,47573165,0.208462,0.005303,0.043732,0.648111,0.905608,3778789.94788,3702352.18652,24119,24119,52313122,0.011579,0.838733,0.850312,4254057,8994014,4739957,9.060741968334446,111.42203783353162,8.379341313803186,True,0.05529600000000001,0.032153,4739957,9.060741968334446
Hop20Rep1-15,Hop20Rep1-15_random30_tdg_impact_w100,20,1,15,1024,random,30,0,307,45,tdg_impact_reroute,100,50107407,36979943,0.18911,0.00529,0.033278,0.523487,0.751165,3031511.24104,3046763.12109,22812,22812,40719352,0.007396,0.587912,0.595308,9388055,13127464,3739409,9.183370599807187,39.831562554757085,7.462786888972323,True,0.15585700000000002,0.025882000000000002,3739409,9.183370599807187
Hop20Rep1-16,Hop20Rep1-16_random30_tdg_impact_w15,20,1,16,1024,random,30,0,307,45,tdg_impact_reroute,15,46138000,38490408,0.182542,0.004713,0.052731,0.638477,0.878463,3843342.1759,3674897.25586,20326,20326,39462691,0.009657,0.712064,0.721721,6675309,7647592,972283,2.4638030893534353,14.565363191426794,2.1073366855953877,True,0.15674200000000005,0.043074,972283,2.4638030893534353
Hop20Rep1-17,Hop20Rep1-17_random30_tdg_impact_w15,20,1,17,1024,random,30,0,307,45,tdg_impact_reroute,15,23315625,20113721,0.12775,0.004189,0.037751,0.261784,0.431474,1034274.24756,1018578.94336,18971,18971,20543797,0.008206,0.282482,0.290688,2771828,3201904,430076,2.093459159472808,15.515969966390411,1.8445827637045973,True,0.14078600000000002,0.029545000000000002,430076,2.093459159472808
Hop20Rep1-18,Hop20Rep1-18_random30_tdg_impact_w5,20,1,18,1024,random,30,0,307,45,tdg_impact_reroute,5,38574680,31976985,0.166512,0.004218,0.044356,0.424521,0.639607,2295228.27362,2302074.93555,20715,20715,33294728,0.006716,0.469991,0.476707,5279952,6597695,1317743,3.957812780449806,24.957480674066733,3.416082777614746,True,0.16290000000000004,0.03764,1317743,3.957812780449806
Hop20Rep1-19,Hop20Rep1-19_random30_tdg_impact_w15,20,1,19,1024,random,30,0,307,45,tdg_impact_reroute,15,50770777,49218012,0.198757,0.004831,0.173036,0.80394,1.180564,3718141.9316,3683054.18652,22522,22522,49302246,0.019228,0.889222,0.90845,1468531,1552765,84234,0.17085225691340716,5.735936115751047,0.16591040156820921,True,0.27211399999999997,0.153808,84234,0.17085225691340716
Hop20Rep1-2,Hop20Rep1-2_random30_tdg_impact_w15,20,1,2,1024,random,30,0,307,45,tdg_impact_reroute,15,36432327,29687479,0.170326,0.005224,0.049675,0.357649,0.582874,1811874.56678,1801983.27734,23727,23727,31249588,0.015779,0.382103,0.397882,5182739,6744848,1562109,4.998814704373062,30.140607119131406,4.287700316260336,True,0.184992,0.033895999999999996,1562109,4.998814704373062
Hop20Rep1-3,Hop20Rep1-3_random30_tdg_impact_w30,20,1,3,1024,random,30,0,307,45,tdg_impact_reroute,30,44243807,33633071,0.17117,0.00461,0.044821,0.423491,0.644092,2406553.88925,2406864.87402,21248,21248,39392840,0.011637,0.52713,0.538767,4850967,10610736,5759769,14.621360125342575,118.734450265277,13.018249085120544,True,0.105325,0.033184,5759769,14.621360125342575
Hop20Rep1-4,Hop20Rep1-4_random30_tdg_impact_w30,20,1,4,1024,random,30,0,307,45,tdg_impact_reroute,30,41765029,35794452,0.155889,0.004011,0.050026,0.492866,0.702792,2616511.40065,2639929.41602,18662,18662,37340363,0.013441,0.548056,0.561497,4424666,5970577,1545911,4.140053485821763,34.938478972198126,3.7014484055548005,True,0.14129499999999995,0.036585,1545911,4.140053485821763
Hop20Rep1-5,Hop20Rep1-5_random30_tdg_impact_w15,20,1,5,1024,random,30,0,307,45,tdg_impact_reroute,15,39126666,35167716,0.218478,0.007391,0.054954,0.414175,0.694998,1310671.2671,1301804.20801,32173,32173,35770384,0.011857,0.441423,0.45328,3356282,3958950,602668,1.6848239593961305,17.956417249802012,1.5402999069739294,True,0.241718,0.043097,602668,1.6848239593961305
Hop20Rep1-6,Hop20Rep1-6_random30_tdg_impact_w5,20,1,6,1024,random,30,0,307,45,tdg_impact_reroute,5,45648586,39603176,0.169209,0.004897,0.088379,0.50095,0.763435,2545571.29642,2625205.40332,21002,21002,41442636,0.024991,0.527466,0.552457,4205950,6045410,1839460,4.43856901380501,43.734709162020465,4.029610029979899,True,0.210978,0.063388,1839460,4.43856901380501
Hop20Rep1-7,Hop20Rep1-7_random30_tdg_impact_w30,20,1,7,1024,random,30,0,307,45,tdg_impact_reroute,30,38591808,30913730,0.174629,0.004956,0.041183,0.436785,0.657553,2429866.77199,2452758.7041,22267,22267,34104547,0.016949,0.540483,0.557432,4487261,7678078,3190817,9.355987047709503,71.10834426613472,8.268120011376508,True,0.10012100000000002,0.024234,3190817,9.355987047709503
Hop20Rep1-8,Hop20Rep1-8_random30_tdg_impact_w30,20,1,8,1024,random,30,0,307,45,tdg_impact_reroute,30,43194522,40079231,0.169665,0.004774,0.079186,0.56983,0.823455,2050037.2215,2085816.43652,21186,21186,40397145,0.012793,0.588815,0.601608,2797377,3115291,317914,0.7869714555323155,11.364717733791334,0.7360053666064414,True,0.22184700000000002,0.06639300000000001,317914,0.7869714555323155
Hop20Rep1-9,Hop20Rep1-9_random30_tdg_impact_w50,20,1,9,1024,random,30,0,307,45,tdg_impact_reroute,50,54322429,51404783,0.195661,0.004054,0.231457,1.338363,1.769535,4908726.03583,4933993.20215,18530,18530,52194508,0.011402,1.316789,1.328191,2127921,2917646,789725,1.5130423300474447,37.11251498528376,1.4537733575941534,True,0.4413440000000002,0.220055,789725,1.5130423300474447
Hop20Rep2-0,Hop20Rep2-0_random30_tdg_impact_w100,20,2,0,2048,random,30,0,614,45,tdg_impact_reroute,100,142045298,129149003,0.610713,0.007985,0.080544,3.678121,4.377363,4266370.51629,4207658.69873,35754,35754,134649585,0.019994,3.873811,3.893805,7395713,12896295,5500582,4.08510876583838,74.37527659604963,3.872413995710016,True,0.48355799999999993,0.06055000000000001,5500582,4.08510876583838
Hop20Rep2-1,Hop20Rep2-1_random30_tdg_impact_w50,20,2,1,2048,random,30,0,614,45,tdg_impact_reroute,50,146809443,116716926,0.491443,0.009253,0.075662,2.060409,2.636767,2773166.00326,2721118.52148,42151,42151,127910746,0.018073,2.382496,2.400569,18898697,30092517,11193820,8.75127411108993,59.23064431373232,7.6247275183790455,True,0.2361979999999999,0.057588999999999994,11193820,8.75127411108993
Hop20Rep2-10,Hop20Rep2-10_random30_tdg_impact_w15,20,2,10,2048,random,30,0,614,45,tdg_impact_reroute,15,79793659,66036428,0.315835,0.008621,0.100971,0.831664,1.257091,1895146.21987,1871532.03516,40519,40519,70951334,0.021375,0.922076,0.943451,8842325,13757231,4914906,6.927150939825881,55.58386510335234,6.159519517710048,True,0.3136399999999999,0.079596,4914906,6.927150939825881
Hop20Rep2-11,Hop20Rep2-11_random30_tdg_impact_w15,20,2,11,2048,random,30,0,614,45,tdg_impact_reroute,15,104343545,78888487,0.380774,0.009997,0.084347,1.222692,1.69781,2431927.73127,2385358.73047,41461,41461,81601671,0.01839,1.297152,1.315542,22741874,25455058,2713184,3.324912304798268,11.930344878350835,2.6002413469850962,True,0.38226800000000005,0.065957,2713184,3.324912304798268
Hop20Rep2-12,Hop20Rep2-12_random30_tdg_impact_w50,20,2,12,2048,random,30,0,614,45,tdg_impact_reroute,50,134623649,122857380,0.546141,0.008333,0.165797,3.517105,4.237376,4846915.59609,4676916.00049,37548,37548,127639542,0.031207,4.13167,4.162877,6984107,11766269,4782162,3.7466148225445686,68.47206092346522,3.5522451185378285,True,0.07449900000000031,0.13459,4782162,3.7466148225445686
Hop20Rep2-13,Hop20Rep2-13_random30_tdg_impact_w5,20,2,13,2048,random,30,0,614,45,tdg_impact_reroute,5,87434751,77186860,0.341384,0.009465,0.085738,1.13772,1.574307,2534004.18893,2498277.90332,41524,41524,79109459,0.010612,1.16995,1.180562,8325292,10247891,1922599,2.4303022979843663,23.093472277008424,2.1988957228230683,True,0.393745,0.075126,1922599,2.4303022979843663
Hop20Rep2-14,Hop20Rep2-14_random30_tdg_impact_w100,20,2,14,2048,random,30,0,614,45,tdg_impact_reroute,100,143629133,121742388,0.548054,0.010688,0.088698,2.550546,3.197986,4467919.4886,4583434.93408,45351,45351,131935773,0.020043,3.130111,3.150154,11693360,21886745,10193385,7.726020599432119,87.17242092948477,7.097017706010939,True,0.0478320000000001,0.068655,10193385,7.726020599432119
Hop20Rep2-15,Hop20Rep2-15_random30_tdg_impact_w30,20,2,15,2048,random,30,0,614,45,tdg_impact_reroute,30,129853186,102567299,0.460029,0.009267,0.069513,1.831877,2.370686,2920660.90391,2821380.65967,41168,41168,108850766,0.013146,1.950446,1.963592,21002420,27285887,6283467,5.772551935922986,29.917823755548167,4.838900910756244,True,0.40709400000000007,0.05636700000000001,6283467,5.772551935922986
Hop20Rep2-16,Hop20Rep2-16_random30_tdg_impact_w15,20,2,16,2048,random,30,0,614,45,tdg_impact_reroute,15,117854666,98975347,0.445563,0.008366,0.106668,2.14417,2.704767,3937377.28502,3907850.51318,38178,38178,99850925,0.022031,2.197783,2.219814,18003741,18879319,875578,0.8768852166367012,4.863311463989623,0.7429302799093249,True,0.48495299999999997,0.084637,875578,0.8768852166367012
Hop20Rep2-17,Hop20Rep2-17_random30_tdg_impact_w15,20,2,17,2048,random,30,0,614,45,tdg_impact_reroute,15,73271402,60609900,0.283036,0.008332,0.07724,0.826753,1.195361,1283335.51954,1282349.39062,36223,36223,68302242,0.013969,0.999356,1.013325,4969160,12661502,7692342,11.262210104318392,154.80165661801993,10.498423382153927,True,0.18203599999999986,0.06327100000000001,7692342,11.262210104318392
Hop20Rep2-18,Hop20Rep2-18_random30_tdg_impact_w15,20,2,18,2048,random,30,0,614,45,tdg_impact_reroute,15,105219223,89167030,0.385609,0.008446,0.068404,1.509117,1.971576,3081127.39251,2999235.40723,39768,39768,97324690,0.018382,1.655643,1.674025,7894533,16052193,8157660,8.381901858613677,103.33302805878448,7.753012964180509,True,0.2975509999999999,0.05002200000000001,8157660,8.381901858613677
Hop20Rep2-19,Hop20Rep2-19_random30_tdg_impact_w30,20,2,19,2048,random,30,0,614,45,tdg_impact_reroute,30,132042378,120457647,0.521465,0.009986,0.408758,2.739212,3.679421,5937962.41205,5893862.06934,43661,43661,121701422,0.038691,2.930349,2.96904,10340956,11584731,1243775,1.0219888802942663,12.027659725077642,0.9419513786702629,True,0.7103809999999999,0.37006700000000003,1243775,1.0219888802942663
Hop20Rep2-2,Hop20Rep2-2_random30_tdg_impact_w15,20,2,2,2048,random,30,0,614,45,tdg_impact_reroute,15,106688017,87530375,0.425182,0.010026,0.087589,1.382645,1.905442,3526384.69707,3359670.57568,45383,45383,88769557,0.01502,1.437312,1.452332,17918460,19157642,1239182,1.3959537952859222,6.915672440600364,1.161500639757884,True,0.4531100000000001,0.072569,1239182,1.3959537952859222
Hop20Rep2-3,Hop20Rep2-3_random30_tdg_impact_w50,20,2,3,2048,random,30,0,614,45,tdg_impact_reroute,50,117680534,93761188,0.443857,0.008593,0.071483,1.714602,2.238535,3317408.19544,3330526.39697,39445,39445,104263058,0.016656,2.093452,2.110108,13417476,23919346,10501870,10.072474567166445,78.27008596847872,8.924050259663167,True,0.1284270000000003,0.054827,10501870,10.072474567166445
Hop20Rep2-4,Hop20Rep2-4_random30_tdg_impact_w100,20,2,4,2048,random,30,0,614,45,tdg_impact_reroute,100,108625639,91299110,0.388655,0.007602,0.082282,1.642359,2.120898,3434542.36808,3415576.52539,35862,35862,95477631,0.017906,1.826469,1.844375,13148008,17326529,4178521,4.376439754773555,31.780639318138537,3.8467170720164874,True,0.27652299999999985,0.06437599999999999,4178521,4.376439754773555
Hop20Rep2-5,Hop20Rep2-5_random30_tdg_impact_w5,20,2,5,2048,random,30,0,614,45,tdg_impact_reroute,5,102411834,87263746,0.481658,0.012452,0.123742,1.155224,1.773076,2345541.04072,2380471.46582,62993,62993,88174259,0.018796,1.180539,1.199335,14237575,15148088,910513,1.032629035192686,6.3951410264739605,0.8890701049255694,True,0.5737410000000001,0.10494600000000001,910513,1.032629035192686
Hop20Rep2-6,Hop20Rep2-6_random30_tdg_impact_w5,20,2,6,2048,random,30,0,614,45,tdg_impact_reroute,5,116060563,100067585,0.440983,0.009965,0.159899,1.770914,2.381761,5283478.16287,5149622.75684,41461,41461,103794135,0.036559,1.860117,1.896676,12266428,15992978,3726550,3.590328104762374,30.38007478623769,3.2108667265382813,True,0.485085,0.12334,3726550,3.590328104762374
Hop20Rep2-7,Hop20Rep2-7_random30_tdg_impact_w100,20,2,7,2048,random,30,0,614,45,tdg_impact_reroute,100,110101353,84026417,0.433098,0.010127,0.070988,1.571534,2.085747,3053631.90065,3081019.17236,43022,43022,97172996,0.021681,2.052669,2.07435,12928357,26074936,13146579,13.52904566202734,101.6879329678164,11.940433647532016,True,0.011397000000000101,0.049307,13146579,13.52904566202734
Hop20Rep2-8,Hop20Rep2-8_random30_tdg_impact_w100,20,2,8,2048,random,30,0,614,45,tdg_impact_reroute,100,119095184,112516645,0.425632,0.007743,0.13587,2.25606,2.825305,2297245.65961,2369224.36572,36601,36601,114050251,0.020063,2.342018,2.362081,5044933,6578539,1533606,1.3446756903673978,30.398936913532847,1.287714539321758,True,0.4632240000000003,0.115807,1533606,1.3446756903673978
Hop20Rep2-9,Hop20Rep2-9_random30_tdg_impact_w5,20,2,9,2048,random,30,0,614,45,tdg_impact_reroute,5,124483855,120797301,0.50305,0.007953,0.811304,4.041115,5.363422,4895137.4316,4875785.36621,34164,34164,120895925,0.016993,4.34112,4.358113,3587930,3686554,98624,0.08157760486964304,2.7487715758111224,0.07922633822675239,True,1.0053089999999996,0.794311,98624,0.08157760486964304
Hop20Rep4-0,Hop20Rep4-0_random30_tdg_impact_w100,20,4,0,4096,random,30,0,1228,45,tdg_impact_reroute,100,302905825,295914692,1.135949,0.00992,0.125198,8.813198,10.084265,5041619.63355,5098455.64404,43437,43437,307160476,0.026975,8.889109,8.916084,-4254651,6991133,11245784,3.661208025996157,-264.3174258006121,3.7126337864252035,True,1.1681810000000006,0.098223,11245784,3.661208025996157
Hop20Rep4-1,Hop20Rep4-1_random30_tdg_impact_w30,20,4,1,4096,random,30,0,1228,45,tdg_impact_reroute,30,323669773,275864539,1.006907,0.012544,0.123331,6.011234,7.154016,3813679.93078,3871217.56836,60239,60239,292942942,0.025791,6.741072,6.766863,30726831,47805234,17078403,5.829941791190177,55.581400503032675,5.276489936550238,True,0.3871530000000005,0.09753999999999999,17078403,5.829941791190177
Hop20Rep4-10,Hop20Rep4-10_random30_tdg_impact_w100,20,4,10,4096,random,30,0,1228,45,tdg_impact_reroute,100,221869310,188224047,0.698045,0.015125,0.127568,2.808841,3.649579,1627732.17752,1678748.39795,67800,67800,201701264,0.038152,3.349657,3.387809,20168046,33645263,13477217,6.681771215871011,66.82460462456304,6.074394426160157,True,0.2617700000000003,0.089416,13477217,6.681771215871011
Hop20Rep4-11,Hop20Rep4-11_random30_tdg_impact_w30,20,4,11,4096,random,30,0,1228,45,tdg_impact_reroute,30,256418056,209824027,0.860931,0.015219,0.137283,4.319315,5.332748,2596637.06515,2630957.54419,64048,64048,215746712,0.018926,4.490034,4.50896,40671344,46594029,5922685,2.7452029025591824,14.562304604440907,2.3097768902826403,True,0.8237879999999995,0.11835699999999999,5922685,2.7452029025591824
Hop20Rep4-12,Hop20Rep4-12_random30_tdg_impact_w0,20,4,12,4096,random,30,0,1228,45,tdg_impact_reroute,0,288276883,275467082,1.13289,0.011055,0.472589,9.108007,10.724541,4452515.24593,4531355.42017,49671,49671,275467082,0.040994,9.186297,9.227291,12809801,12809801,0,0.0,0.0,0.0,False,1.497250000000001,0.43159499999999995,0,0.0
Hop20Rep4-13,Hop20Rep4-13_random30_tdg_impact_w15,20,4,13,4096,random,30,0,1228,45,tdg_impact_reroute,15,241849401,218611881,0.781976,0.015738,0.156576,4.18461,5.1389,2191507.49349,2191122.81592,70030,70030,220294214,0.014299,4.459718,4.474017,21555187,23237520,1682333,0.7636755271293689,7.804771074359039,0.6956118117489156,True,0.6648829999999997,0.142277,1682333,0.7636755271293689
Hop20Rep4-14,Hop20Rep4-14_random30_tdg_impact_w100,20,4,14,4096,random,30,0,1228,45,tdg_impact_reroute,100,322548979,292890472,1.136543,0.013791,0.164844,8.370197,9.685375,4015080.45195,4065557.46997,62423,62423,301881750,0.025425,9.099023,9.124448,20667229,29658507,8991278,2.9784105862643235,43.50500011394851,2.78756982207034,True,0.5609270000000013,0.139419,8991278,2.9784105862643235
Hop20Rep4-15,Hop20Rep4-15_random30_tdg_impact_w50,20,4,15,4096,random,30,0,1228,45,tdg_impact_reroute,50,295599775,249765085,0.958731,0.01354,0.118466,5.707611,6.798348,3653061.90798,3652150.573,56634,56634,262476369,0.019552,6.008595,6.028147,33123406,45834690,12711284,4.842829870143472,38.375534206838516,4.3001670079079055,True,0.7702010000000001,0.098914,12711284,4.842829870143472
Hop20Rep4-16,Hop20Rep4-16_random30_tdg_impact_w0,20,4,16,4096,random,30,0,1228,45,tdg_impact_reroute,0,272295349,256732112,0.868024,0.010706,0.238157,5.917945,7.034832,3089559.56759,3109309.92261,51177,51177,256732112,0.02679,5.922528,5.949318,15563237,15563237,0,0.0,0.0,0.0,False,1.0855139999999999,0.211367,0,0.0
Hop20Rep4-17,Hop20Rep4-17_random30_tdg_impact_w15,20,4,17,4096,random,30,0,1228,45,tdg_impact_reroute,15,215201564,192191359,0.640484,0.01409,0.13471,3.162566,3.95185,1508041.02117,1508877.88354,59888,59888,201231398,0.027518,3.542323,3.569841,13970166,23010205,9040039,4.492360083887108,64.70960330750543,4.200731087623509,True,0.38200900000000004,0.107192,9040039,4.492360083887108
Hop20Rep4-18,Hop20Rep4-18_random30_tdg_impact_w50,20,4,18,4096,random,30,0,1228,45,tdg_impact_reroute,50,257981362,238799779,0.889199,0.013514,0.108473,5.510014,6.5212,3047944.50244,3065827.24634,64340,64340,247877089,0.016943,6.012369,6.029312,10104273,19181583,9077310,3.6620205750439485,89.83634943355153,3.518591393435624,True,0.4918880000000003,0.09153,9077310,3.6620205750439485
Hop20Rep4-19,Hop20Rep4-19_random30_tdg_impact_w0,20,4,19,4096,random,30,0,1228,45,tdg_impact_reroute,0,298317793,282745156,0.981461,0.013057,1.128384,6.829321,8.952223,3463753.5855,3483279.76367,59279,59279,282745156,0.053949,6.893076,6.947025,15572637,15572637,0,0.0,0.0,0.0,False,2.005198,1.074435,0,0.0
Hop20Rep4-2,Hop20Rep4-2_random30_tdg_impact_w30,20,4,2,4096,random,30,0,1228,45,tdg_impact_reroute,30,268046697,233121589,0.883211,0.015443,0.160036,4.904005,5.962695,2462810.08388,2462906.15698,70027,70027,235480160,0.02088,4.751689,4.772569,32566537,34925108,2358571,1.001600729335329,7.24231440389256,0.8799104881340881,True,1.1901260000000002,0.139156,2358571,1.001600729335329
Hop20Rep4-3,Hop20Rep4-3_random30_tdg_impact_w100,20,4,3,4096,random,30,0,1228,45,tdg_impact_reroute,100,270706319,232730710,0.955574,0.014158,0.114071,5.669015,6.752818,3195057.68811,3243393.79785,57306,57306,246196064,0.026615,6.554668,6.581283,24510255,37975609,13465354,5.469362012221284,54.93763324779771,4.974155775063382,True,0.17153500000000044,0.087456,13465354,5.469362012221284
Hop20Rep4-4,Hop20Rep4-4_random30_tdg_impact_w100,20,4,4,4096,random,30,0,1228,45,tdg_impact_reroute,100,247686783,222608021,0.856163,0.011914,0.135993,5.376744,6.380814,3273272.43404,3289432.1604,53767,53767,232091671,0.027133,6.081322,6.108455,15595112,25078762,9483650,4.08616559100908,60.81168253232166,3.8288881970742863,True,0.2723589999999998,0.10886,9483650,4.08616559100908
Hop20Rep4-5,Hop20Rep4-5_random30_tdg_impact_w0,20,4,5,4096,random,30,0,1228,45,tdg_impact_reroute,0,290694731,227977899,1.058999,0.02378,0.284494,3.651284,5.018557,2080770.71906,2093489.77124,112343,112343,227977899,0.028437,3.634609,3.663046,62716832,62716832,0,0.0,0.0,0.0,False,1.3555110000000004,0.25605700000000003,0,0.0
Hop20Rep4-6,Hop20Rep4-6_random30_tdg_impact_w30,20,4,6,4096,random,30,0,1228,45,tdg_impact_reroute,30,268201340,241290120,0.890961,0.013151,0.209297,5.579633,6.693042,2725298.69381,2756677.69824,61341,61341,251595225,0.048829,5.728964,5.777793,16606115,26911220,10305105,4.0959064306566235,62.05608596592279,3.8423018318998707,True,0.9152490000000002,0.160468,10305105,4.0959064306566235
Hop20Rep4-7,Hop20Rep4-7_random30_tdg_impact_w100,20,4,7,4096,random,30,0,1228,45,tdg_impact_reroute,100,273671808,232468660,0.946291,0.015961,0.111514,5.267352,6.341118,2997679.67427,3017044.4751,63996,63996,249765353,0.029098,6.758356,6.787454,23906455,41203148,17296693,6.925177088112777,72.35155944283667,6.3202319326950915,True,-0.4463360000000005,0.082416,17296693,6.925177088112777
Hop20Rep4-8,Hop20Rep4-8_random30_tdg_impact_w5,20,4,8,4096,random,30,0,1228,45,tdg_impact_reroute,5,275995595,269595605,0.823339,0.010513,0.335671,6.018925,7.188448,3224652.01954,3203402.64893,48227,48227,269943148,0.029314,5.994659,6.023973,6052447,6399990,347543,0.12874673892444938,5.742189894434433,0.12592338656709356,True,1.1644750000000004,0.306357,347543,0.12874673892444938
Hop20Rep4-9,Hop20Rep4-9_random30_tdg_impact_w0,20,4,9,4096,random,30,0,1228,45,tdg_impact_reroute,0,262198780,265182312,0.862048,0.008847,1.667912,9.791549,12.330356,3452905.81189,3440607.5144,39384,39384,265182312,0.023143,9.862209,9.885352,-2983532,-2983532,0,0.0,-0.0,0.0,False,2.445004000000001,1.6447690000000001,0,0.0
Hop40Rep1-0,Hop40Rep1-0_random30_tdg_impact_w5,40,1,0,1024,random,30,0,307,45,tdg_impact_reroute,5,62292886,50204262,0.293347,0.009286,0.06148,0.63289,0.997003,3230774.32248,3250399.07031,40064,40064,52506240,0.011408,0.689613,0.701021,9786646,12088624,2301978,4.384198906644239,23.521623240485045,3.69541074080273,True,0.29598199999999997,0.050072,2301978,4.384198906644239
Hop40Rep1-1,Hop40Rep1-1_random30_tdg_impact_w100,40,1,1,1024,random,30,0,307,45,tdg_impact_reroute,100,100812941,82628422,0.517727,0.01319,0.08911,1.218012,1.838039,8590955.08143,8539869.29102,60832,60832,85877620,0.018692,1.304657,1.323349,14935321,18184519,3249198,3.7835212480271343,21.755126655798023,3.2229969364746536,True,0.5146899999999999,0.070418,3249198,3.7835212480271343
Hop40Rep1-10,Hop40Rep1-10_random30_tdg_impact_w15,40,1,10,1024,random,30,0,307,45,tdg_impact_reroute,15,46438295,42029562,0.280188,0.009294,0.083544,0.519007,0.892033,1092957.49511,1079152.06348,41953,41953,42539899,0.014638,0.561449,0.576087,3898396,4408733,510337,1.1996666940840646,13.090948174582573,1.0989572291575305,True,0.31594599999999995,0.068906,510337,1.1996666940840646
Hop40Rep1-11,Hop40Rep1-11_random30_tdg_impact_w5,40,1,11,1024,random,30,0,307,45,tdg_impact_reroute,5,77561018,65243364,0.402664,0.012251,0.087766,0.822229,1.32491,3955481.91205,3903518.9873,56187,56187,65564844,0.018918,0.815023,0.833941,11996174,12317654,321480,0.49032374728139366,2.679854426919783,0.4144865659189775,True,0.490969,0.06884799999999999,321480,0.49032374728139366
Hop40Rep1-12,Hop40Rep1-12_random30_tdg_impact_w50,40,1,12,1024,random,30,0,307,45,tdg_impact_reroute,50,59773824,54296379,0.357234,0.0111,0.076677,0.687843,1.132854,2198120.43322,2266516.8418,51028,51028,56174901,0.017873,0.751151,0.769024,3598923,5477445,1878522,3.34405929794162,52.19678220400936,3.1427167851934654,True,0.36383,0.058803999999999995,1878522,3.34405929794162
Hop40Rep1-13,Hop40Rep1-13_random30_tdg_impact_w15,40,1,13,1024,random,30,0,307,45,tdg_impact_reroute,15,70069949,59430482,0.359385,0.009508,0.064211,0.84332,1.276424,4412104.83713,4422461.19141,46227,46227,61788221,0.010942,0.931763,0.942705,8281728,10639467,2357739,3.815838944448652,28.46916730421477,3.364836186765314,True,0.333719,0.053269000000000004,2357739,3.815838944448652
Hop40Rep1-14,Hop40Rep1-14_random30_tdg_impact_w30,40,1,14,1024,random,30,0,307,45,tdg_impact_reroute,30,73806076,66315951,0.371332,0.009198,0.082478,0.813519,1.276527,4254811.81107,4305070.91797,49043,49043,68305996,0.018927,0.870174,0.889101,5500080,7490125,1990045,2.9134265167584994,36.18211007839886,2.6963159510065267,True,0.38742599999999994,0.063551,1990045,2.9134265167584994
Hop40Rep1-15,Hop40Rep1-15_random30_tdg_impact_w100,40,1,15,1024,random,30,0,307,45,tdg_impact_reroute,100,70369858,64425587,0.377146,0.011779,0.081294,0.828102,1.298321,3911566.48534,3859944.45508,52395,52395,67864627,0.028052,0.911967,0.940019,2505231,5944271,3439040,5.067500039453543,137.27436711425014,4.887092425282427,True,0.358302,0.053242000000000005,3439040,5.067500039453543
Hop40Rep1-16,Hop40Rep1-16_random30_tdg_impact_w30,40,1,16,1024,random,30,0,307,45,tdg_impact_reroute,30,69978425,58505732,0.351684,0.009833,0.063664,0.852601,1.277782,4701464.52769,4782514.29102,44600,44600,63507631,0.013162,0.995123,1.008285,6470794,11472693,5001899,7.87605980767886,77.29961732671447,7.147773045763747,True,0.2694969999999999,0.050502,5001899,7.87605980767886
Hop40Rep1-17,Hop40Rep1-17_random30_tdg_impact_w15,40,1,17,1024,random,30,0,307,45,tdg_impact_reroute,15,52782995,47986149,0.306765,0.008413,0.080757,0.587095,0.98303,1782604.32248,1808745.8584,43129,43129,50594637,0.015665,0.639211,0.654876,2188358,4796846,2608488,5.155661063444333,119.19841269115932,4.941909795001212,True,0.32815399999999995,0.065092,2608488,5.155661063444333
Hop40Rep1-18,Hop40Rep1-18_random30_tdg_impact_w5,40,1,18,1024,random,30,0,307,45,tdg_impact_reroute,5,50969433,48191807,0.361884,0.012555,0.122754,0.636953,1.134146,831251.964169,821248.21582,51455,51455,48425271,0.023949,0.658852,0.682801,2544162,2777626,233464,0.482111912187337,9.17645967513075,0.45804708088473345,True,0.4513450000000001,0.098805,233464,0.482111912187337
Hop40Rep1-19,Hop40Rep1-19_random30_tdg_impact_w100,40,1,19,1024,random,30,0,307,45,tdg_impact_reroute,100,64622920,59717012,0.410651,0.013502,0.103661,0.753925,1.281739,2320397.90554,2330294.46582,56197,56197,61122441,0.024782,0.80627,0.831052,3500479,4905908,1405429,2.2993666107019513,40.149619523499496,2.174815065614491,True,0.45068699999999995,0.078879,1405429,2.2993666107019513
Hop40Rep1-2,Hop40Rep1-2_random30_tdg_impact_w100,40,1,2,1024,random,30,0,307,45,tdg_impact_reroute,100,88524041,77550093,0.389529,0.011201,0.097783,1.002415,1.500928,4804060.39739,4744939.51074,51027,51027,83718288,0.01905,1.17679,1.19584,4805753,10973948,6168195,7.367798777729425,128.3502294021353,6.967819058327896,True,0.305088,0.078733,6168195,7.367798777729425
Hop40Rep1-3,Hop40Rep1-3_random30_tdg_impact_w30,40,1,3,1024,random,30,0,307,45,tdg_impact_reroute,30,62750450,51878403,0.314867,0.009437,0.073489,0.741614,1.139407,3991324.33876,3935661.57617,41112,41112,59839468,0.017324,0.938466,0.95579,2910982,10872047,7961065,13.304037061292057,273.48382779419455,12.686865193795423,True,0.18361700000000003,0.056165,7961065,13.304037061292057
Hop40Rep1-4,Hop40Rep1-4_random30_tdg_impact_w30,40,1,4,1024,random,30,0,307,45,tdg_impact_reroute,30,62003123,56907468,0.308448,0.008674,0.080766,0.675103,1.072991,2778256.46906,2779823.73242,43857,43857,62633809,0.017824,0.766323,0.784147,-630686,5095655,5726341,9.142571865619733,-907.9543544648209,9.235568666436366,True,0.288844,0.062942,5726341,9.142571865619733
Hop40Rep1-5,Hop40Rep1-5_random30_tdg_impact_w5,40,1,5,1024,random,30,0,307,45,tdg_impact_reroute,5,98425563,84216346,0.494494,0.015352,0.099975,1.231928,1.841749,5843348.65147,5831418.37598,65496,65496,87637403,0.023876,1.326254,1.35013,10788160,14209217,3421057,3.9036494497674696,31.711218595200663,3.4757809818166856,True,0.49161900000000003,0.076099,3421057,3.9036494497674696
Hop40Rep1-6,Hop40Rep1-6_random30_tdg_impact_w15,40,1,6,1024,random,30,0,307,45,tdg_impact_reroute,15,84867099,75736438,0.348749,0.010296,0.121469,1.097913,1.578427,4987935.09772,4857397.97559,44232,44232,79864236,0.014601,1.201253,1.215854,5002863,9130661,4127798,5.168518734718754,82.50871550949927,4.863837751777046,True,0.36257300000000003,0.10686799999999999,4127798,5.168518734718754
Hop40Rep1-7,Hop40Rep1-7_random30_tdg_impact_w30,40,1,7,1024,random,30,0,307,45,tdg_impact_reroute,30,89851100,82328569,0.379305,0.008674,0.186314,1.654958,2.229251,6453504.88599,6535831.01465,42834,42834,89455087,0.023614,1.889874,1.913488,396013,7522531,7126518,7.966587746988608,1799.566680891789,7.931475518941894,True,0.315763,0.1627,7126518,7.966587746988608
Hop40Rep1-8,Hop40Rep1-8_random30_tdg_impact_w100,40,1,8,1024,random,30,0,307,45,tdg_impact_reroute,100,79741177,60218557,0.392867,0.010808,0.073051,0.940666,1.417392,5530021.56026,5527095.72461,48341,48341,72869303,0.011949,1.237416,1.249365,6871874,19522620,12650746,17.36087142208565,184.09455703058583,15.86475955828944,True,0.16802699999999993,0.061102000000000004,12650746,17.36087142208565
Hop40Rep1-9,Hop40Rep1-9_random30_tdg_impact_w15,40,1,9,1024,random,30,0,307,45,tdg_impact_reroute,15,79467056,77292710,0.379835,0.010314,0.133376,1.034768,1.558293,4286462.32248,4241376.70605,51181,51181,79598220,0.017715,1.097287,1.115002,-131164,2174346,2305510,2.896434116240288,-1757.7307797871367,2.9012148128401787,True,0.4432909999999999,0.11566099999999999,2305510,2.896434116240288
Hop40Rep2-0,Hop40Rep2-0_random30_tdg_impact_w15,40,2,0,2048,random,30,0,614,45,tdg_impact_reroute,15,183334760,131863823,0.763287,0.016772,0.132797,2.025617,2.938473,2780458.12052,2751925.82764,74867,74867,137549054,0.025642,2.38817,2.413812,45785706,51470937,5685231,4.133238895267138,12.417043432725489,3.1010109594056248,True,0.524661,0.107155,5685231,4.133238895267138
Hop40Rep2-1,Hop40Rep2-1_random30_tdg_impact_w100,40,2,1,2048,random,30,0,614,45,tdg_impact_reroute,100,272502704,212945449,1.505669,0.0259,0.153677,5.447803,7.133049,8392115.53746,8363955.09424,114314,114314,224570519,0.026423,5.972333,5.998756,47932185,59557255,11625070,5.176578854502269,24.253161002361985,4.266038402319854,True,1.1342929999999996,0.127254,11625070,5.176578854502269
Hop40Rep2-10,Hop40Rep2-10_random30_tdg_impact_w15,40,2,10,2048,random,30,0,614,45,tdg_impact_reroute,15,120399675,102807249,0.622292,0.016658,0.127895,1.407806,2.174651,3047185.21987,3016780.44434,82718,82718,106647678,0.02377,1.522261,1.546031,13751997,17592426,3840429,3.6010432407164084,27.9263368076651,3.1897336932180256,True,0.62862,0.10412500000000001,3840429,3.6010432407164084
Hop40Rep2-11,Hop40Rep2-11_random30_tdg_impact_w30,40,2,11,2048,random,30,0,614,45,tdg_impact_reroute,30,208447749,163725051,0.922049,0.024494,0.148308,2.244044,3.338895,5955893.85016,5926705.12598,110614,110614,163994895,0.025822,2.303922,2.329744,44452854,44722698,269844,0.16454414632845735,0.6070341400351932,0.12945402447113977,True,1.0091510000000001,0.122486,269844,0.16454414632845735
Hop40Rep2-12,Hop40Rep2-12_random30_tdg_impact_w100,40,2,12,2048,random,30,0,614,45,tdg_impact_reroute,100,152002746,128614041,0.81076,0.020434,0.132193,1.977822,2.941209,4455923.60912,4538824.50732,100366,100366,144236586,0.026872,2.294248,2.32112,7766160,23388705,15622545,10.83119438226304,201.1617710683272,10.277804454927413,True,0.6200890000000001,0.105321,15622545,10.83119438226304
Hop40Rep2-13,Hop40Rep2-13_random30_tdg_impact_w50,40,2,13,2048,random,30,0,614,45,tdg_impact_reroute,50,197723662,148791062,0.846593,0.018081,0.113339,2.523468,3.501481,3540286.89577,3485115.76416,85008,85008,167870043,0.01503,2.969157,2.984187,29853619,48932600,19078981,11.365327999588349,63.9084360257964,9.649316023693714,True,0.5172940000000001,0.098309,19078981,11.365327999588349
Hop40Rep2-14,Hop40Rep2-14_random30_tdg_impact_w100,40,2,14,2048,random,30,0,614,45,tdg_impact_reroute,100,199914767,161417344,0.895094,0.019122,0.140489,2.847025,3.90173,3717287.24267,3717048.95996,91317,91317,170319177,0.027169,3.056923,3.084092,29595590,38497423,8901833,5.2265594261296835,30.07824138663902,4.4528141335352185,True,0.8176380000000001,0.11332,8901833,5.2265594261296835
Hop40Rep2-15,Hop40Rep2-15_random30_tdg_impact_w100,40,2,15,2048,random,30,0,614,45,tdg_impact_reroute,100,185544747,155486110,0.842689,0.023269,0.138872,2.243928,3.248758,5677841.59446,5682481.18555,103655,103655,164267374,0.028634,2.476477,2.505111,21277373,30058637,8781264,5.3457139943078404,41.27043314980661,4.732693402524621,True,0.7436470000000002,0.110238,8781264,5.3457139943078404
Hop40Rep2-16,Hop40Rep2-16_random30_tdg_impact_w50,40,2,16,2048,random,30,0,614,45,tdg_impact_reroute,50,202958926,158263126,0.820371,0.019005,0.107786,2.699841,3.647003,3635610.34365,3638835.49951,85433,85433,173657219,0.011639,3.150218,3.161857,29301707,44695800,15394093,8.864643283271741,52.53650580834761,7.5848317210744405,True,0.4851460000000003,0.09614700000000001,15394093,8.864643283271741
Hop40Rep2-17,Hop40Rep2-17_random30_tdg_impact_w15,40,2,17,2048,random,30,0,614,45,tdg_impact_reroute,15,138525033,120334883,0.664742,0.016832,0.145863,1.614875,2.442312,3899959.59935,3826003.5293,85403,85403,128496997,0.023438,1.821509,1.844947,10028036,18190150,8162114,6.351988132454177,81.39294673453506,5.892158134335186,True,0.5973649999999999,0.12242499999999999,8162114,6.351988132454177
Hop40Rep2-18,Hop40Rep2-18_random30_tdg_impact_w5,40,2,18,2048,random,30,0,614,45,tdg_impact_reroute,5,130746188,115535972,0.744563,0.020493,0.160272,1.43448,2.359808,2760540.19381,2737243.94092,101191,101191,119193302,0.032419,1.604612,1.637031,11552886,15210216,3657330,3.0684022832088336,31.657284595381626,2.7972746708301734,True,0.7227770000000002,0.127853,3657330,3.0684022832088336
Hop40Rep2-19,Hop40Rep2-19_random30_tdg_impact_w100,40,2,19,2048,random,30,0,614,45,tdg_impact_reroute,100,169044447,146267075,0.849218,0.023052,0.180675,1.953822,3.006767,4169280.91694,4214534.84082,110733,110733,155923300,0.028311,2.278819,2.30713,13121147,22777372,9656225,6.192932679080035,73.59284215015653,5.71224028435551,True,0.6996370000000001,0.152364,9656225,6.192932679080035
Hop40Rep2-2,Hop40Rep2-2_random30_tdg_impact_w100,40,2,2,2048,random,30,0,614,45,tdg_impact_reroute,100,235824473,198985254,0.991877,0.022603,0.198478,3.658333,4.871291,4969455.80619,5062612.81885,97212,97212,207615557,0.026557,3.959426,3.985983,28208916,36839219,8630303,4.156867204320339,30.594238360665827,3.6596299316229155,True,0.8853080000000002,0.171921,8630303,4.156867204320339
Hop40Rep2-3,Hop40Rep2-3_random30_tdg_impact_w100,40,2,3,2048,random,30,0,614,45,tdg_impact_reroute,100,189130776,148114873,0.81901,0.017232,0.115035,2.796964,3.748241,4540168.49837,4713994.24463,79024,79024,181845213,0.024378,3.75192,3.776298,7285563,41015903,33730340,18.54892930285715,462.97506452143784,17.8344004679598,True,-0.028057,0.090657,33730340,18.54892930285715
Hop40Rep2-4,Hop40Rep2-4_random30_tdg_impact_w15,40,2,4,2048,random,30,0,614,45,tdg_impact_reroute,15,160372398,142844452,0.712743,0.018882,0.173866,2.051843,2.957334,4428790.54072,4432011.33691,86604,86604,155258840,0.02579,2.372145,2.397935,5113558,17527946,12414388,7.995929893589312,242.77397459850852,7.74097547634101,True,0.559399,0.14807599999999999,12414388,7.995929893589312
Hop40Rep2-5,Hop40Rep2-5_random30_tdg_impact_w15,40,2,5,2048,random,30,0,614,45,tdg_impact_reroute,15,262149198,208207828,1.121929,0.026924,0.180291,3.134629,4.463773,8042134.73779,8053368.5459,129592,129592,225081817,0.028789,3.621587,3.650376,37067381,53941370,16873989,7.496824588011923,45.522474328574766,6.436788336083332,True,0.8133969999999997,0.151502,16873989,7.496824588011923
Hop40Rep2-6,Hop40Rep2-6_random30_tdg_impact_w100,40,2,6,2048,random,30,0,614,45,tdg_impact_reroute,100,218858438,193765940,0.795028,0.018649,0.268908,3.23969,4.322275,4029613.92997,3976146.73828,83508,83508,203654616,0.01333,3.515617,3.528947,15203822,25092498,9888676,4.855611031178395,65.04072462832043,4.51829780490346,True,0.7933280000000003,0.25557799999999997,9888676,4.855611031178395
Hop40Rep2-7,Hop40Rep2-7_random30_tdg_impact_w50,40,2,7,2048,random,30,0,614,45,tdg_impact_reroute,50,247936639,214083327,1.09109,0.016274,0.356212,6.356573,7.820149,7228862.61564,7050106.04932,74162,74162,229463659,0.032639,7.584702,7.617341,18472980,33853312,15380332,6.702731084750985,83.25853219134109,6.20333165038992,True,0.2028080000000001,0.323573,15380332,6.702731084750985
Hop40Rep2-8,Hop40Rep2-8_random30_tdg_impact_w100,40,2,8,2048,random,30,0,614,45,tdg_impact_reroute,100,255380646,185453421,1.081335,0.020753,0.123354,3.823285,5.048727,6062266.59772,6050298.40234,87039,87039,230794153,0.018328,5.473979,5.492307,24586493,69927225,45340732,19.645528888247007,184.4131735258054,17.754177033446773,True,-0.44357999999999986,0.10502600000000001,45340732,19.645528888247007
Hop40Rep2-9,Hop40Rep2-9_random30_tdg_impact_w30,40,2,9,2048,random,30,0,614,45,tdg_impact_reroute,30,207730769,185054824,0.903762,0.020946,0.241253,2.989429,4.15539,5283998.03746,5192698.54541,99285,99285,195874661,0.024108,3.130612,3.15472,11856108,22675945,10819837,5.523857422272705,91.25960222359649,5.208586600861233,True,1.0006699999999995,0.217145,10819837,5.523857422272705
Hop40Rep4-0,Hop40Rep4-0_random30_tdg_impact_w30,40,4,0,4096,random,30,0,1228,45,tdg_impact_reroute,30,460985702,368544229,1.614721,0.02363,0.195648,7.835429,9.669428,6264373.89414,6362971.80347,107363,107363,374917679,0.038092,8.553678,8.59177,86068023,92441473,6373450,1.6999598463853713,7.405131171654773,1.3825699956307973,True,1.0776579999999996,0.15755599999999997,6373450,1.6999598463853713
Hop40Rep4-1,Hop40Rep4-1_random30_tdg_impact_w100,40,4,1,4096,random,30,0,1228,45,tdg_impact_reroute,100,672406056,535387032,3.057263,0.035006,0.241139,16.432511,19.765919,14940708.316,14951418.7349,159960,159960,574672219,0.04042,17.989808,18.030228,97733837,137019024,39285187,6.836103382265639,40.19609605627169,5.842479651908429,True,1.7356909999999992,0.20071899999999998,39285187,6.836103382265639
Hop40Rep4-10,Hop40Rep4-10_random30_tdg_impact_w50,40,4,10,4096,random,30,0,1228,45,tdg_impact_reroute,50,334009304,265115215,1.659109,0.029115,0.723257,5.086605,7.498086,2074983.64414,2032921.64136,151399,151399,275609207,0.341957,5.577886,5.919843,58400097,68894089,10493992,3.807562205278578,17.969134537567637,3.1418262528399508,True,1.5782429999999996,0.38130000000000003,10493992,3.807562205278578
Hop40Rep4-11,Hop40Rep4-11_random30_tdg_impact_w0,40,4,11,4096,random,30,0,1228,45,tdg_impact_reroute,0,568914937,436278943,2.631645,0.036922,0.793922,9.066778,12.529267,4237361.08143,4197386.60205,195894,195894,436278943,0.38249,9.184518,9.567008,132635994,132635994,0,0.0,0.0,0.0,False,2.9622590000000013,0.411432,0,0.0
Hop40Rep4-12,Hop40Rep4-12_random30_tdg_impact_w100,40,4,12,4096,random,30,0,1228,45,tdg_impact_reroute,100,439699762,339446930,2.252447,0.030329,0.825772,7.332866,10.441414,3755116.75651,3707815.38135,170100,170100,426794656,0.418356,9.354703,9.773059,12905106,100252832,87347726,20.46598399770029,676.8462498487032,19.865311184771574,True,0.668355,0.40741599999999994,87347726,20.46598399770029
Hop40Rep4-13,Hop40Rep4-13_random30_tdg_impact_w100,40,4,13,4096,random,30,0,1228,45,tdg_impact_reroute,100,509051773,415212572,2.525127,0.022829,0.517164,10.298519,13.363639,7374004.81433,7360211.47119,121882,121882,455588914,0.282754,12.442366,12.72512,53462859,93839201,40376342,8.862450502911052,75.5222274962886,7.9316769219856935,True,0.6385189999999987,0.23440999999999995,40376342,8.862450502911052
Hop40Rep4-14,Hop40Rep4-14_random30_tdg_impact_w30,40,4,14,4096,random,30,0,1228,45,tdg_impact_reroute,30,524485737,430738958,2.859343,0.02602,0.839217,12.632389,16.356969,7484791.18404,7830784.90527,136460,136460,441528970,0.429883,12.814404,13.244287,82956767,93746779,10790012,2.4437834735963078,13.006789428040271,2.057255562699887,True,3.1126819999999995,0.409334,10790012,2.4437834735963078
Hop40Rep4-15,Hop40Rep4-15_random30_tdg_impact_w30,40,4,15,4096,random,30,0,1228,45,tdg_impact_reroute,30,488986860,404639579,2.560518,0.037254,1.063902,9.330686,12.99236,4285248.54886,4249250.26318,181578,181578,411237077,0.52047,9.88529,10.40576,77749783,84347281,6597498,1.604305246046674,8.485551657423919,1.3492178501483658,True,2.586599999999999,0.5434319999999999,6597498,1.604305246046674
Hop40Rep4-16,Hop40Rep4-16_random30_tdg_impact_w100,40,4,16,4096,random,30,0,1228,45,tdg_impact_reroute,100,512508943,429944093,2.788979,0.024687,0.553492,12.617449,15.984607,7029800.64332,7056542.84229,127972,127972,466067243,0.266205,14.774986,15.041191,46441700,82564850,36123150,7.7506305243597655,77.78171341703684,7.0482965211399256,True,0.9434160000000009,0.28728699999999996,36123150,7.7506305243597655
Hop40Rep4-17,Hop40Rep4-17_random30_tdg_impact_w50,40,4,17,4096,random,30,0,1228,45,tdg_impact_reroute,50,354383320,303184381,2.11847,0.030875,0.911732,7.142183,10.20326,3552199.08143,3593133.71631,159974,159974,316308491,0.45587,8.1213,8.57717,38074829,51198939,13124110,4.149148813080709,34.469255265729494,3.703365609871254,True,1.6260899999999996,0.455862,13124110,4.149148813080709
Hop40Rep4-18,Hop40Rep4-18_random30_tdg_impact_w100,40,4,18,4096,random,30,0,1228,45,tdg_impact_reroute,100,353030165,289712364,2.022769,0.034006,0.957117,5.388839,8.402731,2936414.73127,2917935.83276,185178,185178,300810805,0.498205,6.079034,6.577239,52219360,63317801,11098441,3.689508759500843,21.253498702396964,3.143765632605361,True,1.8254919999999997,0.458912,11098441,3.689508759500843
Hop40Rep4-19,Hop40Rep4-19_random30_tdg_impact_w100,40,4,19,4096,random,30,0,1228,45,tdg_impact_reroute,100,431756459,376637730,2.266684,0.040182,1.096538,7.62977,11.033174,3859461.057,3830829.08545,205664,205664,398480855,0.509595,8.528531,9.038126,33275604,55118729,21843125,5.481599611604929,65.64306090431897,5.0591310320154355,True,1.9950480000000006,0.586943,21843125,5.481599611604929
Hop40Rep4-2,Hop40Rep4-2_random30_tdg_impact_w100,40,4,2,4096,random,30,0,1228,45,tdg_impact_reroute,100,582427736,512280146,2.368732,0.033187,0.365426,13.970797,16.738142,9745011.72231,10064699.1184,149829,149829,519678330,0.034762,13.920295,13.955057,62749406,70147590,7398184,1.4236083309457988,11.790046267529608,1.270232089359151,True,2.783085,0.33066399999999996,7398184,1.4236083309457988
Hop40Rep4-3,Hop40Rep4-3_random30_tdg_impact_w50,40,4,3,4096,random,30,0,1228,45,tdg_impact_reroute,50,482555018,409165678,1.842434,0.025773,0.287802,10.330113,12.486122,7437149.45358,7419815.75513,113869,113869,440989128,0.036554,11.808344,11.844898,41565890,73389340,31823450,7.2163797199100115,76.56145459654539,6.594781695959901,True,0.6412239999999994,0.251248,31823450,7.2163797199100115
Hop40Rep4-4,Hop40Rep4-4_random30_tdg_impact_w50,40,4,4,4096,random,30,0,1228,45,tdg_impact_reroute,50,436421680,364642840,1.660749,0.033637,0.274794,6.485985,8.455165,3833304.98534,3913266.06714,157763,157763,399249732,0.037509,7.47208,7.509589,37171948,71778840,34606892,8.667981272433265,93.09948458983102,7.9296913022286155,True,0.9455759999999991,0.23728499999999997,34606892,8.667981272433265
Hop40Rep4-5,Hop40Rep4-5_random30_tdg_impact_w30,40,4,5,4096,random,30,0,1228,45,tdg_impact_reroute,30,682106836,540776998,3.138018,0.042225,1.088023,11.580093,15.848359,5824505.4715,5901478.08203,221422,221422,569948257,0.502211,13.586507,14.088718,112158579,141329838,29171259,5.118229355336023,26.00894132226836,4.276640763647178,True,1.7596410000000002,0.585812,29171259,5.118229355336023
Hop40Rep4-6,Hop40Rep4-6_random30_tdg_impact_w50,40,4,6,4096,random,30,0,1228,45,tdg_impact_reroute,50,513597388,497179234,2.366146,0.024591,1.144244,12.904991,16.439972,6453607.11808,6545360.25024,123350,123350,501459984,0.30299,13.80169,14.10468,12137404,16418154,4280750,0.8536573478612802,35.2690740128614,0.8334836001930758,True,2.335292000000001,0.8412540000000001,4280750,0.8536573478612802
Hop40Rep4-7,Hop40Rep4-7_random30_tdg_impact_w50,40,4,7,4096,random,30,0,1228,45,tdg_impact_reroute,50,562882531,506571170,3.573535,0.017078,1.637958,24.894528,30.123099,12385969.3046,12448926.5574,90630,90630,532851575,0.524189,26.114739,26.638928,30030956,56311361,26280405,4.93203102571293,87.51105026426731,4.668896892804797,True,3.484171,1.113769,26280405,4.93203102571293
Hop40Rep4-8,Hop40Rep4-8_random30_tdg_impact_w100,40,4,8,4096,random,30,0,1228,45,tdg_impact_reroute,100,614696489,489227108,3.966711,0.021864,0.624035,17.105791,21.718401,12928560.6897,12760146.8098,113746,113746,571596383,0.347972,27.087112,27.435084,43100106,125469381,82369275,14.410391221807295,191.11153694146367,13.399991129606079,True,-5.716683,0.276063,82369275,14.410391221807295
Hop40Rep4-9,Hop40Rep4-9_random30_tdg_impact_w100,40,4,9,4096,random,30,0,1228,45,tdg_impact_reroute,100,524044468,470834555,2.730426,0.03013,1.065923,12.279011,16.10549,6546251.28013,6476896.29199,159922,159922,503552856,0.390928,13.636801,14.027729,20491612,53209913,32718301,6.497490900935333,159.66679927377115,6.243420739630821,True,2.077760999999999,0.674995,32718301,6.497490900935333
